"","skid","catmaid_name","ItoLee_Lineage","ItoLee_Hemilineage","Hartenstein_Lineage","Hartenstein_Hemilineage","type","primary_neurite","anatomy_group","cell_type","cell","hemibrain_match","Frechter_et_al","closest_light_match","LM_match_quality","status","transmitter","other_names","citation","all_citations","new.cell.type","new.match","is.lhn"
"1","11519370","AD1a1#1 1298753 Synchronize Your Dogmas ASB","SLPal2","SLPal2_ventral","DPLal3","DPLal3_ventral","ON","AD1","AD1a","AD1a1","AD1a1#1","454045389","old","L1740#8","cell.type","complete","acetylcholine","L1","Bates & Schlegel et al. 2020","Bates & Schlegel et al. 2020; Frechter et al. 2019; Dolan et al. 2019; Jeanne et al. 2018","LHAD1a1","454045389",TRUE
"2","1879479","AD2a2#1 LH.R -> SLP.R RJVR 1879478 Aspis-like","SLPal1","SLPal1","DPLal1","DPLal1","ON","AD1","AD1a","AD1a2","AD1a2#1","422669150","old","L1721#3","cell.type","complete","acetylcholine","none","Dolan et al. 2019","Bates & Schlegel et al. 2020; Frechter et al. 2019; Dolan et al. 2019","LHAD1a8","577835762",FALSE
"3","2115466","AD1a3#1 LH.R -> SIP.R-SLP.R 2026917 FML RJVR Aspis","SLPal1","SLPal1","DPLal1","DPLal1","ON","AD1","AD1a","AD1a3","AD1a3#1","453350926","old","Cha-F-100223","cell.type","rough","unknown","none","Huoviala et al. 2020","Huoviala et al. 2020","LHAD1a3","453350926",TRUE
"4","6536624","AD1b1#1 SLP.R-SIP.R-SMP.R aSP-g tract neuron 6536625","LHl2","LHl2_medial","DPLal2","DPLal2_medial","ON","AD1","AD1b","AD1b1","AD1b1#1","5813095395","old","140514c1","cell.type","complete","acetylcholine","ML1","Dolan et al. 2019","Bates & Schlegel et al. 2020; Frechter et al. 2019; Dolan et al. 2019; Jeanne et al. 2018","LHAD1b1","543412198",NA
"5","4744251","AD1b2#10 3104105 Home World JJ ZM","LHl2","LHl2_medial","DPLal2","DPLal2_medial","ON","AD1","AD1b","AD1b2","AD1b2#1","544107243","old","L2278#3","cell.type","complete","acetylcholine","ML3","Bates & Schlegel et al. 2020","Bates & Schlegel et al. 2020; Frechter et al. 2019; Dolan et al. 2019; Jeanne et al. 2018; Otto et al. 2020","LHAD1b2","5813052205",TRUE
"6","4970161","neuron 4970162 The Fresno Drop RT & CMM","LHl2","LHl2_medial","DPLal2","DPLal2_medial","ON","AD1","AD1b","AD1b2","AD1b2#10","606461310","old","L1539#3","cell.type","complete","acetylcholine","ML3","Bates & Schlegel et al. 2020","Bates & Schlegel et al. 2020; Frechter et al. 2019; Dolan et al. 2019; Jeanne et al. 2018; Otto et al. 2020","LHAD1b2","606461310",TRUE
"7","5030649","neuron 5030650 Chop Suey CMM","LHl2","LHl2_medial","DPLal2","DPLal2_medial","ON","AD1","AD1b","AD1b2","AD1b2#11","543321179","old","120714c4","cell.type","complete","acetylcholine","ML3","Bates & Schlegel et al. 2020","Bates & Schlegel et al. 2020; Frechter et al. 2019; Dolan et al. 2019; Jeanne et al. 2018; Otto et al. 2020","LHAD1b2","483017681",TRUE
"8","5031366","neuron 5031367 Kinetograph CMM","LHl2","LHl2_medial","DPLal2","DPLal2_medial","ON","AD1","AD1b","AD1b2","AD1b2#12","451995734","old","L2278#2","cell.type","complete","acetylcholine","ML3","Bates & Schlegel et al. 2020","Bates & Schlegel et al. 2020; Frechter et al. 2019; Dolan et al. 2019; Jeanne et al. 2018; Otto et al. 2020","LHAD1b2","573683438",TRUE
"9","4513533","AD1b2#1 4513534 Hamburger CMM","LHl2","LHl2_medial","DPLal2","DPLal2_medial","ON","AD1","AD1b","AD1b2","AD1b2#2","544107243","old","L1539#8","cell.type","complete","acetylcholine","ML3","Bates & Schlegel et al. 2020","Bates & Schlegel et al. 2020; Frechter et al. 2019; Dolan et al. 2019; Jeanne et al. 2018; Otto et al. 2020","LHAD1b2","544107243",TRUE
"10","3877150","AD1b2#8 3877151 Tech World JJ PS","LHl2","LHl2_medial","DPLal2","DPLal2_medial","ON","AD1","AD1b","AD1b2","AD1b2#3","544107243","old","Gad1-F-200039","cell.type","complete","acetylcholine","ML3","Bates & Schlegel et al. 2020","Bates & Schlegel et al. 2020; Frechter et al. 2019; Dolan et al. 2019; Jeanne et al. 2018; Otto et al. 2020","LHAD1b2","483017681",TRUE
"11","3080225","AD1b2#6 3080226 Dark World JJ","LHl2","LHl2_medial","DPLal2","DPLal2_medial","ON","AD1","AD1b","AD1b2","AD1b2#4","544107243","old","Gad1-F-200039","cell.type","complete","acetylcholine","ML3","Bates & Schlegel et al. 2020","Bates & Schlegel et al. 2020; Frechter et al. 2019; Dolan et al. 2019; Jeanne et al. 2018; Otto et al. 2020","LHAD1b2","573683438",TRUE
"12","3080086","AD1b2#4 3080087 Team Rocket RT JJ JH PS","LHl2","LHl2_medial","DPLal2","DPLal2_medial","ON","AD1","AD1b","AD1b2","AD1b2#5","544107243","old","Gad1-F-200039","cell.type","complete","acetylcholine","ML3","Bates & Schlegel et al. 2020","Bates & Schlegel et al. 2020; Frechter et al. 2019; Dolan et al. 2019; Jeanne et al. 2018; Otto et al. 2020","LHAD1b2","574040939",TRUE
"13","3078257","AD1b2#9 3078258 Oberon JJ","LHl2","LHl2_medial","DPLal2","DPLal2_medial","ON","AD1","AD1b","AD1b2","AD1b2#6","544107243","old","Gad1-F-200039","cell.type","complete","acetylcholine","ML3","Bates & Schlegel et al. 2020","Bates & Schlegel et al. 2020; Frechter et al. 2019; Dolan et al. 2019; Jeanne et al. 2018; Otto et al. 2020","LHAD1b2","5813022459",TRUE
"14","3075158","AD1b2#3 3075159 Howard Hughes JJ","LHl2","LHl2_medial","DPLal2","DPLal2_medial","ON","AD1","AD1b","AD1b2","AD1b2#7","544107243","old","L1539#8","cell.type","complete","acetylcholine","ML3","Bates & Schlegel et al. 2020","Bates & Schlegel et al. 2020; Frechter et al. 2019; Dolan et al. 2019; Jeanne et al. 2018; Otto et al. 2020","LHAD1b2","824349873",TRUE
"15","2842610","AD1b2#2 2842611 Alka Seltzer CMM","LHl2","LHl2_medial","DPLal2","DPLal2_medial","ON","AD1","AD1b","AD1b2","AD1b2#8","544107243","old","L2278#4","cell.type","complete","acetylcholine","ML3","Dolan et al. 2019","Bates & Schlegel et al. 2020; Frechter et al. 2019; Dolan et al. 2019; Jeanne et al. 2018; Otto et al. 2020","LHAD1b1","544107335",TRUE
"16","1703751","AD1b2#5 1703752 FML Cremini - downstream of DA2","LHl2","LHl2_medial","DPLal2","DPLal2_medial","ON","AD1","AD1b","AD1b2","AD1b2#9","544107243","old","L1539#3","cell.type","complete","acetylcholine","ML3","Bates & Schlegel et al. 2020","Bates & Schlegel et al. 2020; Frechter et al. 2019; Dolan et al. 2019; Jeanne et al. 2018; Otto et al. 2020","LHAD1b2","762274975",TRUE
"17","3080183","AD1b2#7 3080184 Dust World JJ PS","LHl2","LHl2_medial","DPLal2","DPLal2_medial","ON","AD1","AD1c","AD1c1","AD1c1#1","729867599","old","Gad1-F-400233","cell.type","complete","unknown","ML4","Bates & Schlegel et al. 2020","Bates & Schlegel et al. 2020; Frechter et al. 2019; Jeanne et al. 2018","LHAD1c1","705139000",TRUE
"18","2402951","AD1a2#1 2402952 Coppitt FML","LHl2","LHl2_medial","DPLal2","DPLal2_medial","ON","AD1","AD1d","AD1d1","AD1d1#1","360314997","old","L2446#1","cell.type","preliminary","acetylcholine","none","Dolan et al. 2019","Dolan et al. 2019","LHAD1d1","511617404",TRUE
"19","2477473","aSP-g candidate R 1049830 GSXEJ","LHl2","LHl2_medial","DPLal2","DPLal2_medial","ON","AD1","AD1e","AD1e1","AD1e1#1","641278400","old","Gad1-F-200365","cell.type","complete","acetylcholine","none","Bates & Schlegel et al. 2020","Bates & Schlegel et al. 2020; Frechter et al. 2019; Dolan et al. 2019","LHAD1e1","855414220",FALSE
"20","1149437","aSP-g candidate R 1149438 IT","SLPal2","SLPal2_ventral","DPLal3","DPLal3_ventral","ON","AD1","AD1e","AD1e1","AD1e1#2","641278400","old","Gad1-F-200365","cell.type","complete","acetylcholine","none","Dolan et al. 2019","Bates & Schlegel et al. 2020; Frechter et al. 2019; Dolan et al. 2019","LHAD1e2","421992069",TRUE
"21","2969221","AD2a2#1 2969222 Uncle Sam CMM","LHl2","LHl2_medial","DPLal2","DPLal2_medial","ON","AD2","AD2a","AD2a2","AD2a2#1","729867599","old","fru-M-600162","cell.type","preliminary","unknown","none","Dolan et al. 2019","Dolan et al. 2019","LHAD1c1","705139000",TRUE
"22","1105308","AD2e1 LH.R -> SIP.R-SMP.R 1105309 RJVR","VLPd1","VLPd1","DPLam","DPLam","ON","AD2","AD2e","AD2e1","AD2e1#1","390952738","new","new:AD2e1","cell.type","preliminary","unknown","none","Huoviala et al. 2020","Huoviala et al. 2020","LHAD2c1","390952738",TRUE
"23","533772","AD3b1#1 LHON 533773 Vulture GSXEJ","LHd1","LHd1","DPLd","DPLd","ON","AD3","AD3a","AD3a1","AD3a1#1","361955275","old","L1828#1","cell.type","preliminary","acetylcholine","none","Dolan et al. 2019","Dolan et al. 2019","LHAD3a1","361955275",TRUE
"24","1812558","AD3b1#1 LHON 1812559 KM","LHd1","LHd1","DPLd","DPLd","ON","AD3","AD3a","AD3a8","AD3a8#1","580926331","new","new:AD3b2","cell.type","complete","unknown","none","Bates & Schlegel et al. 2020","Bates & Schlegel et al. 2020","LHAD3a8","580926331",TRUE
"25","1803633","AD3f1#1 1803634 Shaky AJES","LHd1","LHd1","DPLd","DPLd","ON","AD3","AD3a","AD3a11","AD3a11#1","5813011756","new","new:AD3f1","cell.type","complete","unknown","none","Bates & Schlegel et al. 2020","Bates & Schlegel et al. 2020","LHAD3a10","360578907",TRUE
"26","2659704","AV1a1#1 2659705 FML Duck - downstream of DL4","VLPl&p1","VLPl&p1_anterior","BLVp2","BLVp2_anterior","ON","AV1","AV1a","AV1a1","AV1a1#1","917450071","old","Cha-F-300357","cell.type","complete","acetylcholine","V3; VLPn","Huoviala et al. 2020","Bates & Schlegel et al. 2020; Frechter et al. 2019; Dolan et al. 2019; Jeanne et al. 2018; Mohamed et al. 2019;Huoviala et al. 2020","LHAV1a1","883338122",TRUE
"27","2684792","AV1a1#2 2684793 Pigeon RJVR FML ZM","VLPl&p1","VLPl&p1_anterior","BLVp2","BLVp2_anterior","ON","AV1","AV1a","AV1a1","AV1a1#2","917450071","old","Cha-F-300357","cell.type","complete","acetylcholine","V3; VLPn","Huoviala et al. 2020","Bates & Schlegel et al. 2020; Frechter et al. 2019; Dolan et al. 2019; Jeanne et al. 2018; Mohamed et al. 2019;Huoviala et al. 2020","LHAV1a1","820563959",TRUE
"28","1967862","AV1a2#1 1967863 Pheasant AJES","VLPl&p1","VLPl&p1_anterior","BLVp2","BLVp2_anterior","ON","AV1","AV1a","AV1a2","AV1a2#1","915724147","old","Gad1-F-700100","cell.type","complete","unknown","none","Dolan et al. 2019","Bates & Schlegel et al. 2020; Frechter et al. 2019; Dolan et al. 2019","LHAV1a1","915724147",TRUE
"29","2794070","putative LH.R->AVLP.R 2794071 Curiously Cinnamon ZM","VLPl&p1","VLPl&p1_anterior","BLVp2","BLVp2_anterior","ON","AV1","AV1a","AV1a3","AV1a3#1","854680421","old","Gad1-F-900217","cell.type","complete","acetylcholine","none","Dolan et al. 2019","Bates & Schlegel et al. 2020; Frechter et al. 2019; Dolan et al. 2019","LHAV1a3","1041253084",TRUE
"30","1870230","AV2a2#1 1870231 RJVR AJES PS","LHa2","LHa2","BLVa1","BLVa1","ON","AV2","AV2a","AV2a1","AV2a1#1","5813013530","old","Gad1-F-800214","cell.type","complete","unknown","none","Dolan et al. 2019","Bates & Schlegel et al. 2020; Frechter et al. 2019; Dolan et al. 2019","LHAV2k2","5813013530",TRUE
"31","2638597","AV2b3#1 2638598 Saddlebunch FML","VLPl2","VLPl2_dorsal","BLAv2","BLAv2_dorsal","ON","AV2","AV2b","AV2b1","AV2b1#1","1006142645","old","L2087#2","cell.type","preliminary","acetylcholine","none","Dolan et al. 2019","Dolan et al. 2019","LHAV2b5","1006142645",TRUE
"32","2198365","AV2b1#1 LHON Savage RJVR","VLPl2","VLPl2_dorsal","BLAv2","BLAv2_dorsal","ON","AV2","AV2b","AV2b2","AV2b2#1","1037510115","old","L2087#1","cell.type","preliminary","acetylcholine","none","Dolan et al. 2019","Dolan et al. 2019","LHAV2b2","1037510115",TRUE
"33","11543519","AV2d1#1 DA2 downstream neuron 1376326 GSXEJ RJVR Joffrey","Primary","Primary","Primary","Primary","ON","Av2","AV2d","AV2d1","AV2d1#1","574377562","old","Gad1-F-500321 ","cell.type","complete","unknown","none","Marin et al. 2020","Bates & Schlegel et al. 2020; Frechter et al. 2019; Dolan et al. 2019","LHAV2d1","574377562",TRUE
"34","5341336","AV3a1#2 Talisker 5341337 PS","LHa3","LHa3","BLVa2","BLVa2","ON","AV3","AV3a","AV3a1","AV3a1#1","5813035078","old","VGlut-F-500109","cell.type","complete","unknown","none","Bates & Schlegel et al. 2020","Bates & Schlegel et al. 2020; Huoviala et al. 2019; Frechter et al. 2019; Dolan et al. 2019","LHAV3a1","419929377",TRUE
"35","3047410","AV3a1#4 DA2 Upstream 3047411 RJVR Sabre","SLPpl3","SLPpl3_lateral","new","new_lateral","ON","AV3","AV3a","AV3a1","AV3a1#2","358541542","old","Cha-F-000174","cell.type","rough","unknown","none","Huoviala et al. 2020","Huoviala et al. 2020","LHAV3a4","296120593",TRUE
"36","2633111","AV3a1#1 2633112 Craig - downstream of DL4 FML","SLPav1","SLPav1_lateral","BLAl","BLAl_lateral","ON","AV3","AV3a","AV3a1","AV3a1#3","358541542","old","VGlut-F-300265","cell.type","complete","unknown","none","Huoviala et al. 2020","Bates & Schlegel et al. 2020; Huoviala et al. 2019; Frechter et al. 2019; Dolan et al. 2019","LHAV3a4","296120593",TRUE
"37","1706774","AV3a1#3 LH -> SLP 1706775 RJVR Cornet","SLPpl3","SLPpl3_lateral","new","new_lateral","ON","AV3","AV3a","AV3a1","AV3a1#4","358541542","old","VGlut-F-600716","cell.type","complete","unknown","none","Huoviala et al. 2020","Bates & Schlegel et al. 2020; Huoviala et al. 2019; Frechter et al. 2019; Dolan et al. 2019","LHAV3c1","358538040",TRUE
"38","1705004","AV3a1#5 LH->SLP 1705005 RJVR","SLPpl3","SLPpl3_lateral","new","new_lateral","ON","AV3","AV3a","AV3a1","AV3a1#5","358541542","old","VGlut-F-800054","cell.type","rough","unknown","none","Huoviala et al. 2020","Huoviala et al. 2020","LHAV3g1","544699051",TRUE
"39","4954486","[LH.R->] 4954487 Aspis Upstream SD ASB RJVR ","SLPpl3","SLPpl3_lateral","new","new_lateral","ON","AV3","AV3d","AV3d1","AV3d1#1","665454282","old","Cha-F-000395","cell.type","rough","unknown","none","Huoviala et al. 2020","Huoviala et al. 2020","LHAV3d1","665454282",TRUE
"40","11545803","PV4c7 [LH.R]-[CAL.R] -> [LH.R] 2979434 RJVR Ouroboros","SLPpl3","SLPpl3_lateral","new","new_lateral","ON","AV3","AV3e","AV3e1","AV3e1#1","574377845","old","Cha-F-000470","pnt","complete","unknown","none","Marin et al. 2020","Bates & Schlegel et al. 2020","LHAV3e1","574377845",TRUE
"41","6852116","LAC SLPa&l1#2 6852117 ECM Jon Snow ","LHa3","LHa3","BLVa2","BLVa2","ON","AV3","AV3f","AV3f1","AV3f1#1","633793553","new","Cha-F-700265","anatomy.group","rough","unknown","none","Marin et al. 2020","Marin et al. 2020","LHAV3p1","478928628",NA
"42","2315173","LAC SLPa&l1#1 2315174 JH ECM Benji Stark","LHa3","LHa3","BLVa2","BLVa2","ON","AV3","AV3f","AV3f1","AV3f1#2","633097828","new","Cha-F-700265","anatomy.group","rough","unknown","none","Marin et al. 2020","Marin et al. 2020","LHAV3e2","633097828",TRUE
"43","1309241","LAC AV3b1#1 1309242 RJVR ECM Rhaegar","LHa3","LHa3","BLVa2","BLVa2","ON","AV3","AV3f","AV3f1","AV3f1#3","633793553","new","Cha-F-700265","anatomy.group","rough","unknown","none","Marin et al. 2020","Marin et al. 2020","ADL24b_pc","294445804",NA
"44","11524190","AV4 [LH.R] 1421573 DM1 Centric 1 ASB","LHl1","LHl1_lateral","BLD4","BLD4_lateral","ON","AV4","AV4a","AV4a1","AV4a1#1","5813058137","old","L788#1","cell.type","complete","GABA","Local4","Bates & Schlegel et al. 2020","Bates & Schlegel et al. 2020; Frechter et al. 2019; Dolan et al. 2019; Jeanne et al. 2018","LHAV4a1","728483069",TRUE
"45","1288534","AV4a1#1 1288535 DM1 Centric 2 ASB","LHl1","LHl1_lateral","BLD4","BLD4_lateral","ON","AV4","AV4a","AV4a1","AV4a1#2","5813058137","old","L788#3","cell.type","complete","GABA","Local4","Dolan et al. 2019","Bates & Schlegel et al. 2020; Frechter et al. 2019; Dolan et al. 2019; Jeanne et al. 2018","LHAV4a1","822289778",TRUE
"46","2101395","AV4a1#1 2101396 Chicken ASB","LHl1","LHl1_lateral","BLD4","BLD4_lateral","ON","AV4","AV4a","AV4a2","AV4a2#1","794337453","old","Cha-F-000524","cell.type","complete","unknown","Local1","Bates & Schlegel et al. 2020","Bates & Schlegel et al. 2020; Frechter et al. 2019; Dolan et al. 2019; Jeanne et al. 2018","LHAV4a11","637121971",TRUE
"47","2851242","AV4a3#1 2851243 Dove RJVR","LHl4","LHl4_lateral","BLD1","BLD1_lateral","ON","AV4","AV4a","AV4a3","AV4a3#1","916773484","old","L247#5","cell.type","complete","unknown","none","Dolan et al. 2019","Bates & Schlegel et al. 2020; Frechter et al. 2019; Dolan et al. 2019","LHAV4g1","946123380",TRUE
"48","1911124","AV4 [LH.R] 1911125 FML PS RJVR","LHl1","LHl1_lateral","BLD4","BLD4_lateral","ON","AV4","AV4a","AV4a4","AV4a4#1","5813014585","old","L240#12","cell.type","complete","unknown","Local7","Dolan et al. 2019","Bates & Schlegel et al. 2020; Frechter et al. 2019; Dolan et al. 2019; Jeanne et al. 2018","LHAV4a4","980198319",TRUE
"49","1853423","AV4b1#1 1853423 Accursed  RJVR - check FML","LHl1","LHl1_lateral","BLD4","BLD4_lateral","ON","AV4","AV4a","AV4a4","AV4a4#2","5813014585","old","Gad1-F-400436","cell.type","complete","unknown","Local7","Dolan et al. 2019","Bates & Schlegel et al. 2020; Frechter et al. 2019; Dolan et al. 2019; Jeanne et al. 2018","LHAV4a4","5813014585",TRUE
"50","1967891","AV4b9#1 1967892 Sea-eagle PS","LHl4","LHl4_lateral","BLD1","BLD1_lateral","ON","AV4","AV4b","AV4b4","AV4b4#1","635091875","old","L1385#3","cell.type","preliminary","GABA","none","Dolan et al. 2019","Dolan et al. 2019","LHAV4b4","635091875",TRUE
"51","5990596","AV4b8 5990597 Snake-Eagle  ASB","LHl1","LHl1_lateral","BLD4","BLD4_lateral","ON","AV4","AV4b","AV4b8","AV4b8#1","579169910","old","131011c0","cell.type","preliminary","GABA","none","Dolan et al. 2019","Dolan et al. 2019","LHAV4e7","579169910",NA
"52","1812530","AV4 LH.R -> DA1 Upstream 1812531 RJVR","LHl1","LHl1_lateral","BLD4","BLD4_lateral","ON","AV4","AV4c","AV4c1","AV4c1#1","764006565","old","L421#1","cell.type","preliminary","unknown","none","Dolan et al. 2019","Dolan et al. 2019","LHAV4c1","764006565",FALSE
"53","488055","AV4b1#1 488056 downstream DA1 GSXEJ","LHl1","LHl1_lateral","BLD4","BLD4_lateral","ON","AV4","AV4c","AV4c2","AV4c2#1","1011616276","old","L421#14","cell.type","complete","unknown","Local7","Dolan et al. 2019","Bates & Schlegel et al. 2020; Frechter et al. 2019; Dolan et al. 2019; Jeanne et al. 2018","LHAV4c3","826762561",TRUE
"54","3439570","LAC AV4#1 3439571 RJVR Downstream of Ouro ECM Obara","LHl1","LHl1_lateral","BLD4","BLD4_lateral","ON","AV4","AV4c","AV4c3","AV4c3#1","5813133775","old","Cha-F-200329","cell.type","rough","unknown","none","Marin et al. 2020","Marin et al. 2020","LHAV4i1","698180393",TRUE
"55","2639558","AV4i1#1 [LH.R] 2639559 RJVR Upstream DL4 Euphonium","LHl1","LHl1_lateral","BLD4","BLD4_lateral","ON","AV4","AV4i","AV4i1","AV4i1#1","948812702","old","new:AV4i1","cell.type","complete","unknown","none","Huoviala et al. 2020","Bates & Schlegel et al. 2020; Huoviala et al. 2019","LHAV4d2","5813012083",TRUE
"56","1103745","AV4i1#2 DA2 PN downstream neuron 1103746 ARH","LHl1","LHl1_lateral","BLD4","BLD4_lateral","ON","AV4","AV4i","AV4i1","AV4i1#2","948812702","new","new:AV4i1","cell.type","rough","unknown","none","Huoviala et al. 2020","Huoviala et al. 2020","LHAV4d4","948812702",TRUE
"57","1705052","AV4j1 LH -> SLP 1705053 RJVR FML Foil","SLPav1","SLPav1_lateral","BLAl","BLAl_lateral","ON","AV4","AV4j","X","AV4j1#1","5813009781","new","new:AV4j1","cell.type","rough","unknown","none","Huoviala et al. 2020","Huoviala et al. 2020","LHAV3e3","5813009781",TRUE
"58","3587600","Terribly Lost 3587601 ASB","VPNl&d1","VPNl&d1_dorsal","BLAvm2","BLAvm2_dorsal","ON","AV5","AV5a","AV5a1","AV5a1#1","391625677","old","L1594#1","cell.type","preliminary","acetylcholine","none","Dolan et al. 2019","Dolan et al. 2019","LHAV5a1","391625677",TRUE
"59","1492649","AV5h1 [LH.R] neuron 1492650 fused","SLPav2","SLPav2_dorsal","BLD2","BLD2_dorsal","ON","AV5","AV5h","AV5h1","AV5h1#1","480276374","new","new:AV5h1","cell.type","rough","unknown","none","Huoviala et al. 2020","Huoviala et al. 2020","LHAV5e1","480276374",TRUE
"60","1415926","AV6a1#1 1415927 Haddock ASB","LHa1","LHa1_medial","BLAd1","BLAd1_medial","ON","AV6","AV6a","AV6a1","AV6a1#1","574011220","old","130725c4","cell.type","complete","acetylcholine","L11; Type II","Dolan et al. 2019","Bates & Schlegel et al. 2020; Frechter et al. 2019; Dolan et al. 2019; Jeanne et al. 2018; Fisek et al. 2014","LHAV6a1","574011220",TRUE
"61","1298816","AV6a2#1 1298817 Peacock Bass ASB","LHa1","LHa1_medial","BLAd1","BLAd1_medial","ON","AV6","AV5a","AV6a3","AV6a3#1","421957711","new","new:AV6a3","cell.type","complete","unknown","none","Bates & Schlegel et al. 2020","Bates & Schlegel et al. 2020","LHAV6a3","423330124",TRUE
"62","4902612","AV6b1 neuron 4902613 Salamander ASB","LHa1","LHa1_medial","BLAd1","BLAd1_medial","ON","AV6","AV6b","AV6b1","AV6b1#1","452677169","old","L452#4","cell.type","preliminary","unknown","none","Dolan et al. 2019","Dolan et al. 2019","LHAV6b1","452677169",TRUE
"63","6772893","putative 125 6772894 Alexander Robert Paul Harrison SD","SIPa1","SIPa1_ventral","BLAd2","BLAd2_ventral","ON","AV6","AV6c","AV6c1","AV6c1#1","577205852","old","L2382#1","cell.type","preliminary","glutamate","none","Dolan et al. 2019","Dolan et al. 2019","LHAV6k1","607212413",TRUE
"64","4176088","AV7a1#1 4176089 Osprey ASB","AOTUv2","AOTUv2","DALl1","DALl1","ON","AV7","AV7a","AV7a1","AV7a1#1","580231908","old","L2001#1","cell.type","preliminary","acetylcholine","none","Dolan et al. 2019","Dolan et al. 2019","LHAV7a1","580231908",TRUE
"65","57110","Putative peptidergic neuron 57111 SM ND Beluga","Primary?","Primary?","Primary?","Primary?","ON","AV7","AV7d","AV7d1","AV7d1#1","636789034","new","new:AV7d1","cell.type","preliminary","unknown","none","Marin et al. 2020","Marin et al. 2020","LHAV8a1","636789034",TRUE
"66","8927505","PV2 AVLP.R -> SLP.R 8927506 RJVR Bateleur","VPNp&v1","VPNp&v1_posterior","BLP1","BLP1_posterior","IN","PV2","AVLP-PN","AVLP-PN1","AVLP-PN1#1","973436416","old","Trh-M-500183","cell.type","preliminary","acetylcholine","none","Dolan et al. 2019","Dolan et al. 2019","uncertain","973436416",NA
"67","181551","SP.R->(LH.R,CA.R)181552 Vieille Priere Bouddhique EW ASB RJVR","Primary","Primary","Primary","Primary","CENT","PV1","Centrifugal","CENT8","CENT8#1","511271574","new","new:CENT8","cell.type","rough","unknown","none","Bates & Schlegel et al. 2020","Bates & Schlegel et al. 2020","LHCENT8","511271574",TRUE
"68","554327","SP.R->(LH.R,CA.R) 554328 IJA Vieille Priere Bouddhique","Primary","Primary","Primary","Primary","CENT","PV1","Centrifugal","CENT8","CENT8#2","360284300","new","new:CENT8","cell.type","rough","unknown","none","Bates & Schlegel et al. 2020","Bates & Schlegel et al. 2020","LHCENT8","360284300",TRUE
"69","11519897","Neuron 11519898 Capaldi RJVR","Primary","Primary","Primary","Primary","CENT","WEDT","Centrifugal","CENT5","CENT5","579912201","new","new:CENT5","cell.type","rough","unknown","none","Bates & Schlegel et al. 2020","Bates & Schlegel et al. 2020","LHCENT5","579912201",TRUE
"70","1288606","LH.R-> 1288607 Opportunity ASB","Primary","Primary","Primary","Primary","CENT","AV4","Centrifugal","CENT6","CENT6","5813068669","new","new:CENT6","cell.type","rough","unknown","none","Bates & Schlegel et al. 2020","Bates & Schlegel et al. 2020","LHCENT6","5813068669",TRUE
"71","563760","SP.R->(LH.R,CA.R) 563761 Mighty Little RJVR GSXEJ ASB ","Primary","Primary","Primary","Primary","CENT","AV4","Centrifugal","CENT4","CENT4","517506265","new","new:CENT4","cell.type","rough","unknown","none","Bates & Schlegel et al. 2020","Bates & Schlegel et al. 2020","LHCENT4","517506265",TRUE
"72","11519759","LH.R-> 1298804 Fen Tiger CH ASB","Primary","Primary","Primary","Primary","CENT","AV4","Centrifugal","CENT9","CENT9","330268940","new","new:CENT9","cell.type","rough","unknown","none","Bates & Schlegel et al. 2020","Bates & Schlegel et al. 2020","LHCENT9","330268940",TRUE
"73","3394015","SP.R->(LH.R,CA.R) 1196496 Explorer ASB","Primary","Primary","Primary","Primary","CENT","AV4","Centrifugal","CENT1","CENT1","328861282","new","new:CENT1","cell.type","rough","unknown","none","Bates & Schlegel et al. 2020","Bates & Schlegel et al. 2020","LHCENT1","328861282",TRUE
"74","11543484","putative LHON 466766 Safety Pin CMM","Primary","Primary","Primary","Primary","CENT","AV4","Centrifugal","CENT3","CENT3","487144598","new","new:CENT3","cell.type","rough","unknown","none","Bates & Schlegel et al. 2020","Bates & Schlegel et al. 2020","LHCENT3","487144598",TRUE
"75","13565080","Hoodwink 343929 ASB","Primary","Primary","Primary","Primary","CENT","AV4","Centrifugal","CENT2","CENT2","327499164","new","new:CENT2","cell.type","rough","unknown","none","Bates & Schlegel et al. 2020","Bates & Schlegel et al. 2020","LHCENT2","327499164",TRUE
"76","3094186","[LH.R]-> 3094187 Plummet ASB","Primary","Primary","Primary","Primary","DN","PV9","PV9a","PV9a1","DNp44","542751938","old","VGlut-F-200225","cell.type","rough","unknown","none","Marin et al. 2020","Marin et al. 2020","LHPV9b1","542751938",TRUE
"77","7739922","putative TPN-1 7739923 IT RJVR","VESa1","VESa1","BAla3","BAla3","IN","GNGT","GNG-PN","GNG-PN1","GNG-PN1","unknown","new","new:GNG-PN1","cell.type","preliminary","acetylcholine","none","Dolan et al. 2019","Dolan et al. 2019","uncertain","608166388",NA
"78","3968214","AV4 LH.R -> (SLP.R)? 3968215 FML Button - downstream of DA2","VPNl&d1","VPNl&d1_dorsal","BLAvm2","BLAvm2_dorsal","ON","Incomplete","Incomplete","Incomplete","Incomplete#1","unknown","new","Incomplete","cell.type","preliminary","unknown","none","Huoviala et al. 2020","Huoviala et al. 2020","LHAV5a9","603003871",TRUE
"79","3967814","AV4 3967815 FML Jalape,ao¬±o","VPNl&d1","VPNl&d1_dorsal","BLAvm2","BLAvm2_dorsal","ON","Incomplete","Incomplete","Incomplete","Incomplete#2","unknown","new","Incomplete","cell.type","preliminary","unknown","none","Huoviala et al. 2020","Huoviala et al. 2020","LHAV5a8","419884905",TRUE
"80","2705119","AV3 [LH.R] 2705120 RJVR FML upstream of DL4","LHa3","LHa3","BLVa2","BLVa2","ON","Incomplete","Incomplete","Incomplete","Incomplete#3","unknown","new","Incomplete","cell.type","preliminary","unknown","none","Huoviala et al. 2020","Huoviala et al. 2020","LHAV3o1","480586157",TRUE
"81","2417820","LH.R -> LH.R - SLP.R - SIP.R 2417821 FML Ohio - downstream of DL4","LHa1","LHa1_medial","BLAd1","BLAd1_medial","ON","Incomplete","Incomplete","Incomplete","Incomplete#4","unknown","new","Incomplete","cell.type","preliminary","unknown","none","Huoviala et al. 2020","Huoviala et al. 2020","LHAV6f2","425803370",TRUE
"82","1709487","LH.R -> SLP.R 1709488 RJVR - downstream of DA2","VPNl&d1","VPNl&d1_dorsal","BLAvm2","BLAvm2_dorsal","ON","Incomplete","Incomplete","Incomplete","Incomplete#5","unknown","new","Incomplete","cell.type","preliminary","unknown","none","Huoviala et al. 2020","Huoviala et al. 2020","LHAV5a8","419884905",TRUE
"83","1707578","AV6 1707579 FML - downstream of DA2","LHa1","LHa1_medial","BLAd1","BLAd1_medial","ON","Incomplete","Incomplete","Incomplete","Incomplete#6","unknown","new","Incomplete","cell.type","preliminary","unknown","none","Huoviala et al. 2020","Huoviala et al. 2020","LHAV6a10","5813047255",TRUE
"84","1706875","LH.R -> SLP.R 1706876 RJVR","LHa3","LHa3","BLVa2","BLVa2","ON","Incomplete","Incomplete","Incomplete","Incomplete#7","unknown","new","Incomplete","cell.type","preliminary","unknown","none","Huoviala et al. 2020","Huoviala et al. 2020","LHAV3a2","480257914",TRUE
"85","1299740","(LH.R,CA.R)->(SP.R,MB.R) 1299741 Birthday ASB","Primary","Primary","Primary","Primary","ON","PD2","LH_MB","LHMB1","LHMB1","5813020988","new","new:LHMB1","cell.type","rough","unknown","none","Bates & Schlegel et al. 2020","Bates & Schlegel et al. 2020","LHMB1","5813020988",TRUE
"86","4191753","VPN-1#1 4191754 Petrel RJVR ASB","VLPp&l1","VLPp&l1_ventral","DPLpv","DPLpv_ventral","IN","LOT","LO-PN","LO-PN1","LO-PN1#1","1163384537","old","new:LO-PN1","cell.type","preliminary","unknown","none","Dolan et al. 2019","Dolan et al. 2019","uncertain","5812993257",NA
"87","8521115","possible 137 candidate 8521116 RJVR","VLPp&l1","VLPp&l1_ventral","DPLpv","DPLpv_ventral","IN","LOT","LO-PN","LO-PN2","LO-PN2#1","5813014262","old","new:LO-PN2","cell.type","preliminary","acetylcholine","none","Dolan et al. 2019","Dolan et al. 2019","uncertain","1067223806",NA
"88","535060","putative MB-C1 535061 JSL","VPNp&v1","VPNp&v1_posterior","BLP1","BLP1_posterior","ON","PV2","MB-C1","MB-C1","MB-C1#1","5813021291","old","L1900#1","cell.type","preliminary","unknown","none","Dolan et al. 2019","Dolan et al. 2019","MB-C1","5813075020",FALSE
"89","1866895","(LH.R,SP.R)->(CA.R,LH.R)1866896 Morpholino ASB","Primary","Primary","Primary","Primary","CENT","PV1","PV1a","CENT2-a","CENT2-a#1","328533761","old","TH-F-000012","cell.type","rough","unknown","none","Bates & Schlegel et al. 2020","Bates & Schlegel et al. 2020","LHPV1a1","328533761",TRUE
"90","1299700","PD2a1#1 1299701 ASB","VLPd&p1","VLPd&p1_dorsal","DPLl2","DPLl2_dorsal","ON","PD2","PD2a","PD2a1","PD2a1#1","571666400","old","L989#9","cell.type","complete","acetylcholine","ML9; Type I","Dolan et al. 2018","Bates & Schlegel et al. 2020; Frechter et al. 2019; Dolan et al. 2019; Jeanne et al. 2018; Dolan et al. 2018; Fisek et al. 2014","LHPD2a1","573329304",TRUE
"91","2205218","PD2a1#2 1290496 Deirdre ASB","VLPd&p1","VLPd&p1_dorsal","DPLl2","DPLl2_dorsal","ON","PD2","PD2a","PD2a1","PD2a1#2","571666400","old","L989#9","cell.type","complete","acetylcholine","ML9; Type I","Bates & Schlegel et al. 2020","Bates & Schlegel et al. 2020; Frechter et al. 2019; Dolan et al. 2019; Jeanne et al. 2018; Dolan et al. 2018; Fisek et al. 2014","LHPD2a1","573337611",TRUE
"92","1415893","PD2a1#3 1415894 Cu Chulainn ASB","VLPd&p1","VLPd&p1_dorsal","DPLl2","DPLl2_dorsal","ON","PD2","PD2a","PD2a1","PD2a1#3","571666400","old","L989#7","cell.type","complete","acetylcholine","ML9; Type I","Bates & Schlegel et al. 2020","Bates & Schlegel et al. 2020; Frechter et al. 2019; Dolan et al. 2019; Jeanne et al. 2018; Dolan et al. 2018; Fisek et al. 2014","LHPD2a1","571666434",TRUE
"93","1454234","PD2a1#4 1454235 Medb ASB","VLPd&p1","VLPd&p1_dorsal","DPLl2","DPLl2_dorsal","ON","PD2","PD2a","PD2a1","PD2a1#4","571666400","old","L989#7","cell.type","complete","acetylcholine","ML9; Type I","Bates & Schlegel et al. 2020","Bates & Schlegel et al. 2020; Frechter et al. 2019; Dolan et al. 2019; Jeanne et al. 2018; Dolan et al. 2018; Fisek et al. 2014","LHPD2a1","571666434",TRUE
"94","11547665","PD2a1#5 3516954 Conchobar ASB","VLPd&p1","VLPd&p1_dorsal","DPLl2","DPLl2_dorsal","ON","PD2","PD2a","PD2a1","PD2a1#5","571666400","old","L989#9","cell.type","complete","acetylcholine","ML9; Type I","Bates & Schlegel et al. 2020","Bates & Schlegel et al. 2020; Frechter et al. 2019; Dolan et al. 2019; Jeanne et al. 2018; Dolan et al. 2018; Fisek et al. 2014","LHPD2a1","542634516",TRUE
"95","1606113","PD2b1#1 1606114 ASB","VLPd&p1","VLPd&p1_dorsal","DPLl2","DPLl2_dorsal","ON","PD2","PD2b","PD2b1","PD2b1#1","548872750","old","37G11#5","cell.type","complete","acetylcholine","ML8; Type I","Dolan et al. 2018","Bates & Schlegel et al. 2020; Frechter et al. 2019; Dolan et al. 2019; Jeanne et al. 2018; Dolan et al. 2018; Fisek et al. 2014","LHPD2b1","509928512",TRUE
"96","3345012","PD2b1#2 3345012 C,aooeA S,ao¬(R)th ASB","VLPd&p1","VLPd&p1_dorsal","DPLl2","DPLl2_dorsal","ON","PD2","PD2b","PD2b1","PD2b1#2","548872750","old","37G11#5","cell.type","complete","acetylcholine","ML8; Type I","Bates & Schlegel et al. 2020","Bates & Schlegel et al. 2020; Frechter et al. 2019; Dolan et al. 2019; Jeanne et al. 2018; Dolan et al. 2018; Fisek et al. 2014","LHPD2b1","509928512",TRUE
"97","1868440","SLP Neuron Snorri Sturluson 1868441 RJVR","LHp2","LHp2_medial","DPLp1","DPLp1_medial","ON","PD2","PD2c","PD2c1","PD2c1#1","5813049920","old","Gad1-F-500258","cell.type","preliminary","unknown","none","Marin et al. 2020","Marin et al. 2020","LHPV6g1","5813049920",TRUE
"98","11524452","LAC OLCT3#3 5844069 ECM Katy Perry ","Primary","Primary","Primary","Primary","ON","PD2","PD2j","PD2j1","PD2j1#1","5813078557","new","fru-M-200431","anatomy.group","rough","unknown","none","Marin et al. 2020","Marin et al. 2020","LHPD2d1","5813021615",FALSE
"99","4129363","LAC OLCT3a#1 4129364 ECM Lysa Arryn","Primary","Primary","Primary","Primary","ON","PD2","PD2j","PD2j1","PD2j1#2","5813078557","new","fru-M-200431","anatomy.group","preliminary","unknown","none","Marin et al. 2020","Marin et al. 2020","DN1","5813022274",NA
"100","3973434","LAC OLCT3a#2 3973435 KEC ECM Sansa","Primary","Primary","Primary","Primary","ON","PD2","PD2j","PD2j1","PD2j1#3","5813078557","new","fru-M-200431","anatomy.group","preliminary","unknown","none","Marin et al. 2020","Marin et al. 2020","DN1","264083994",NA
"101","3481901","PD3a1#1 3481902 DC4 Bully RJVR ASB","LHd2","LHd2_dorsal","DPLm2","DPLm2_dorsal","ON","PD2","PD2a","PD3a1","PD3a1#1","510934715","old","Cha-F-500011","cell.type","complete","glutamate","Local6","Dolan et al. 2019","Bates & Schlegel et al. 2020; Frechter et al. 2019; Dolan et al. 2019; Jeanne et al. 2018","LHPD3a5","510934715",TRUE
"102","4182038","PD3a2#1 4182039 Ragdoll ASB","LHd2","LHd2_dorsal","DPLm2","DPLm2_dorsal","ON","PD2","PD2a","PD3a2","PD3a2#1","480922968","old","L1749#3","cell.type","complete","glutamate","none","Dolan et al. 2019","Bates & Schlegel et al. 2020; Frechter et al. 2019; Dolan et al. 2019","LHPD3a2","480922968",TRUE
"103","1093041","PD3c1 LHON 1093042 ARH FML","LHd2","LHd2_dorsal","DPLm2","DPLm2_dorsal","ON","PD2","PD2c","PD3c1","PD3c1#1","387516191","old","Cha-F-100103","cell.type","rough","unknown","none","Huoviala et al. 2020","Huoviala et al. 2020","LHPD3b1","358865451",TRUE
"104","11210831","LAC-SMPb#1 11210830 PMJ ECM Eyrie","SLPpm3","SLPpm3_lateral","DPLc3","DPLc3_lateral","ON","PD4","PD4i","PD4i2","PD4i2#1","514068564","new","fru-F-000092","anatomy.group","rough","unknown","none","Marin et al. 2020","Marin et al. 2020","PDM10og_pc","417558532",NA
"105","9951834","LAC-SMPb#3 9951835 ECM Randyll","SLPpm3","SLPpm3_lateral","DPLc3","DPLc3_lateral","ON","PD4","PD4i","PD4i2#1","PD4i2#2","390590450","new","fru-F-000092","anatomy.group","rough","unknown","none","Marin et al. 2020","Marin et al. 2020","LHPD4g1","449244969",NA
"106","5982276","LAC-SMPa#1 5982277 ECM LB Sam Tarly","SLPpm3","SLPpm3_lateral","DPLc3","DPLc3_lateral","ON","PD4","PD4i","PD4i2#1","PD4i2#3","514068564","new","fru-F-000092","anatomy.group","rough","unknown","none","Marin et al. 2020","Marin et al. 2020","LHPD5b1","514068564",TRUE
"107","4294123","LAC-SMPb#2 4294124 KEC ECM Gilly","SLPpm3","SLPpm3_lateral","DPLc3","DPLc3_lateral","ON","PD4","PD4i","PD4i2#1","PD4i2#4","514068564","new","fru-F-000092","anatomy.group","rough","unknown","none","Marin et al. 2020","Marin et al. 2020","PDM07s_pc","480331310",NA
"108","8820702","LAC PD4i2#4 8820703 ECM Aemon","SLPpm3","SLPpm3_lateral","DPLc3","DPLc3_lateral","ON","PD5","PD5b","PD5b1","PD5b1#1","449634539","new","new:PD5b1","cell.type","preliminary","unknown","none","Marin et al. 2020","Marin et al. 2020","PDM07s_pc","449634539",NA
"109","4974403","PV2 4974404 Hobby ASB","VPNp&v1","VPNp&v1_posterior","BLP1","BLP1_posterior","ON","PLPT","PLP-PN","PLP-PN1","PLP-PN1#1","882400424","new","new:PLP-PN1","cell.type","preliminary","acetylcholine","none","Dolan et al. 2019","Dolan et al. 2019","uncertain","882400424",NA
"110","1478950","putative peptidergic neuron 1478951 NM ASB","unknown2","unknown2","unknown2","unknown2","IN","PV1","PV1a","PPL2ab-PN1","PPL2ab-PN1#1","294436967","old","MB583B#1","cell.type","rough","GABA","none","Marin et al. 2020","Marin et al. 2020","PPL2ab-PN1","294436967",TRUE
"111","11545702","PV12a1 putative Gad1-F-600202 40613 AJ","Primary","Primary","Primary","Primary","ON","PV12","PV12a","PV12a1","PV12a1#1","883479122","old","Gad1-F-600202","cell.type","rough","unknown","none","Bates & Schlegel et al. 2020","Bates & Schlegel et al. 2020; Huoviala et al. 2019; Frechter et al. 2019; Dolan et al. 2019","LHPV12a1","480590566",TRUE
"112","2051048","LH-Ca -> LH-CA 2051049 Beauty Left ASB","Primary","Primary","Primary","Primary","ON","PV11","PV12a","PV12a0","PV12a1#2","883479122","old","Gad1-F-600202","cell.type","rough","unknown","none","Bates & Schlegel et al. 2019","Bates & Schlegel et al. 2020; Huoviala et al. 2019; Frechter et al. 2019; Dolan et al. 2019","LHPV12a1","574688051",TRUE
"113","30571","putative TH-F-000011 30572 BH","unknown2","unknown2","unknown2","unknown2","ON","PV1","PV1b","PV1b2","PV1b2#1","5813071348","old","TH-F-000011","cell.type","rough","unknown","none","Marin et al. 2020","Marin et al. 2020","LHPV1b1","5813071348",TRUE
"114","1093554","PV1j1 LH.R - SLP.R -> SCL.R - PLP.R 1093555 FML Biscayne - potential downstream of DL4","VLPl&p2","VLPl&p2_posterior","BVLp2","BVLp2_posterior","ON","PV1","PV1j","PV1j1","PV1j1#1","511685955","new","new:PV1j1","cell.type","rough","unknown","none","Huoviala et al. 2020","Huoviala et al. 2020","LHPV7a2","511685955",TRUE
"115","3469191","PV1k1 bilateral neuron 3469192 RJVR Noh","unknown2","unknown2","unknown2","unknown2","ON","PV1","PV1k","PV1k1","PV1k1#1","5812981753","new","new:PV1k1","cell.type","rough","unknown","none","Huoviala et al. 2020","Huoviala et al. 2020","LHPV1c1","5812981753",TRUE
"116","1703872","PV2a1#1 1703873 FML Beech - downstream of DA2","VPNp&v1","VPNp&v1_posterior","BLP1","BLP1_posterior","ON","PV2","PV2a","PV2a1","PV2a1#1","758903321","old","L258#5","cell.type","complete","unknown","none","Dolan et al. 2019","Bates & Schlegel et al. 2020; Huoviala et al. 2019; Frechter et al. 2019; Dolan et al. 2019","LHPV2a2","791311618",TRUE
"117","1104156","PV2a1#4 [LH.R] 1104157 Punch RJVR","VPNp&v1","VPNp&v1_posterior","BLP1","BLP1_posterior","ON","PV2","PV2a","PV2a1","PV2a1#2","789934899","old","131028c0","cell.type","rough","unknown","none","Huoviala et al. 2020","Huoviala et al. 2020","LHPV2a3","698194389",TRUE
"118","79579","PV2 [LH.R] 79580 JH Benzene","VPNp&v1","VPNp&v1_posterior","BLP1","BLP1_posterior","LN","PV2","PV2a","PV2a1","PV2a1#3","853717974","old","L258#17","cell.type","preliminary","unknown","none","Marin et al. 2020","Marin et al. 2020","LHPV2a1","853717974",TRUE
"119","4181593","PV2 [LH.R] 4181594 RJVR","VPNp&v1","VPNp&v1_posterior","BLP1","BLP1_posterior","LN","PV2","PV2a","PV2a1","PV2a1#4","822005494","old","L258#17","cell.type","rough","unknown","none","Marin et al. 2020","Marin et al. 2020","LHPV2a1","5813090530",TRUE
"120","5183432","PV2 [LH.R] 5183433 RJVR ECM","VPNp&v1","VPNp&v1_posterior","BLP1","BLP1_posterior","LN","PV2","PV2a","PV2a1","PV2a1#5","822005494","old","L258#3","cell.type","rough","unknown","none","Marin et al. 2020","Marin et al. 2020","LHPV2a1","822005494",TRUE
"121","1710886","LH.R -> LH.R - SCL.R 1710887 Fial RJVR","VLPp&l1","VLPp&l1_dorsal","DPLpv","DPLpv_dorsal","ON","PV2","PV2a","PV2a2","PV2a2#1","913345831","old","L568#6","cell.type","complete","unknown","none","Bates & Schlegel et al. 2020","Bates & Schlegel et al. 2020; Frechter et al. 2019; Dolan et al. 2019","LHPV2c4","917842566",TRUE
"122","1316519","PV2a2#1 1316520 Golden Eagle GSXEJ RJVR","VPNp&v1","VPNp&v1_posterior","BLP1","BLP1_posterior","ON","PV2","PV2a","PV2a4","PV2a4#1","698194389","new","new:PV2a4","cell.type","complete","unknown","none","Bates & Schlegel et al. 2020","Bates & Schlegel et al. 2020","LHPV2b5","698194389",TRUE
"123","5062598","BLP3#1 LH.R-CAL.R 5062599 MEB RJVR Vulcano","unknown6","unknown6_ventral","BLP3","BLP3_ventral","ON","PV2","PV2b","PV2b1","PV2b1#1","604070461","old","L258#9","cell.type","preliminary","unknown","none","Marin et al. 2020","Marin et al. 2020","LHPV6k2","604070461",TRUE
"124","3931886","PV2 3931887 RJVR ASB","VPNp&v1","VPNp&v1_posterior","BLP1","BLP1_posterior","ON","PV2","PV2b","PV2b1","PV2b1#2","822009511","old","L2013#2","cell.type","preliminary","unknown","none","Dolan et al. 2019","Dolan et al. 2019","LHPV2a1","822005494",TRUE
"125","11524508","LH.R -> LH.R - SCL 2659672 FML Grassy - downstream of DL4","VLPp&l1","VLPp&l1_dorsal","DPLpv","DPLpv_dorsal","ON","PV2","PV2c","PV2c1","PV2c1#1","819220237","old","Cha-F-000242","cell.type","complete","acetylcholine","none","Bates & Schlegel et al. 2020","Bates & Schlegel et al. 2020; Frechter et al. 2019; Dolan et al. 2019","LHPV2c1","819220237",TRUE
"126","3376158","PV2c2 IPS.R Downstream 3376159 Kabuki RJVR","VPNp&v1","VPNp&v1_posterior","BLP1","BLP1_posterior","ON","PV2","PV2c","PV2c1","PV2c1#2","819220237","old","L1328#2","cell.type","complete","acetylcholine","none","Bates & Schlegel et al. 2020","Bates & Schlegel et al. 2020; Frechter et al. 2019; Dolan et al. 2019","LHPV6o1","727527845",TRUE
"127","3136591","PV2d1#1 DL4 upstream 3136592 Auk RJVR ASB","VLPp&l1","VLPp&l1_dorsal","DPLpv","DPLpv_dorsal","ON","PV2","PV2c","PV2c1","PV2c1#2","913345831","old","L1328#1","cell.type","preliminary","acetylcholine","none","Dolan et al. 2019","Dolan et al. 2019","LHPV2c4","913345831",TRUE
"128","3932461","PV2 [LH.R] 3932462 ASB","VPNp&v1","VPNp&v1_posterior","BLP1","BLP1_posterior","ON","PV2","PV2d","PV2d1","PV2d1#1","758903321","old","L1847#1","cell.type","preliminary","GABA","none","Dolan et al. 2019","Dolan et al. 2019","LHPV2a1","758903321",TRUE
"129","3931736","PV3f1#1 3931737 Goshawk ASB","VPNp1","VPNp1_posterior","BLD5","BLD5_posterior","ON","PV3","PV3f","PV3f1","PV3f1#1","1068912795","old","Gad1-F-700071","cell.type","preliminary","acetylcholine","none","Dolan et al. 2019","Dolan et al. 2019","LHPV3b1","1068912795",TRUE
"130","11522927","PV4a1#1 4A 4044753 Valerie SD","LHp1","LHp1","BLP4","BLP4","ON","PV4","PV4a","PV4a1","PV4a1#1","790918133","old","L1467#27","cell.type","complete","glutamate","none","Bates & Schlegel et al. 2020","Bates & Schlegel et al. 2020; Frechter et al. 2019; Dolan et al. 2019; Varela et al. 2019","LHPV4a1","790918098",TRUE
"131","7483643","PV4a1#2 [LH.R] 4A 2861336 Igloo ASB","LHp1","LHp1","BLP4","BLP4","ON","PV4","PV4a","PV4a1","PV4a1#2","790918133","old","L1467#13","cell.type","complete","glutamate","none","Bates & Schlegel et al. 2020","Bates & Schlegel et al. 2020; Frechter et al. 2019; Dolan et al. 2019; Varela et al. 2019","LHPV4a1","790918133",TRUE
"132","3897655","PV4a1#3 3897656 Christine Daa,ao¬(C) SD","LHp1","LHp1","BLP4","BLP4","ON","PV4","PV4a","PV4a1","PV4a1#3","790918133","old","L1467#13","cell.type","complete","glutamate","none","Bates & Schlegel et al. 2020","Bates & Schlegel et al. 2020; Frechter et al. 2019; Dolan et al. 2019; Varela et al. 2019","LHPV4a1","760566169",TRUE
"133","4355299","PV4 [LH.R] 4355300 Pontmercy SD","LHp1","LHp1","BLP4","BLP4","ON","PV4","PV4a","PV4a10","PV4a10#1","820581604","old","130627c0","cell.type","preliminary","glutamate","none","Dolan et al. 2019","Dolan et al. 2019","LHPV4a9","820581604",TRUE
"134","2548003","PV4a7#1 2548004 Teal ASB","LHp1","LHp1","BLP4","BLP4","ON","PV4","PV4a","PV4a10","PV4a10#1","5813048298","old","Cha-F-600207","cell.type","complete","glutamate","Local1","Dolan et al. 2019","Bates & Schlegel et al. 2020; Frechter et al. 2019; Dolan et al. 2019; Jeanne et al. 2018; Varela et al. 2019","LHPV4b3","572642334",TRUE
"135","2633914","PV4a12#1 [LH.R] 2633915 Jenkins RJVR","SLPp&v1","SLPp&v1_posterior","DPLp2","DPLp2_posterior","ON","PV4","PV4a","PV4a12","PV4a12#1","574037479","old","L1842#4","cell.type","rough","glutamate","none","Huoviala et al. 2020","Huoviala et al. 2020","LHPV4b8","912022802",TRUE
"136","2435769","PV4a12#2 [LH.R] DA2 Downstream 2435770 RJVR","SLPp&v1","SLPp&v1_posterior","DPLp2","DPLp2_posterior","ON","PV4","PV4a","PV4a12","PV4a12#2","574037479","old","L1842#4","cell.type","rough","glutamate","none","Huoviala et al. 2020","Huoviala et al. 2020","LHPV4b7","513323340",TRUE
"137","6825565","PV4a2#4 6825566 Wigeon ASB","LHp1","LHp1","BLP4","BLP4","ON","PV4","PV4a","PV4a2","PV4a2#1","790918176","old","130625c0","cell.type","complete","glutamate","none","Bates & Schlegel et al. 2020","Bates & Schlegel et al. 2020; Frechter et al. 2019; Dolan et al. 2019; Varela et al. 2019","LHPV4a4","760566454",TRUE
"138","5918547","PV4a2#3 5918548 Jasmine SD","LHp1","LHp1","BLP4","BLP4","ON","PV4","PV4a","PV4a2","PV4a2#2","729518762","old","L1473#8","cell.type","complete","glutamate","none","Bates & Schlegel et al. 2020","Bates & Schlegel et al. 2020; Frechter et al. 2019; Dolan et al. 2019; Varela et al. 2019","LHPV4a2","5813064407",TRUE
"139","4044614","PV4a2#1 4044615 Jolene SD","LHp1","LHp1","BLP4","BLP4","ON","PV4","PV4a","PV4a2","PV4a2#3","729518762","old","L1473#8","cell.type","complete","glutamate","none","Dolan et al. 2019","Bates & Schlegel et al. 2020; Frechter et al. 2019; Dolan et al. 2019; Varela et al. 2019","LHPV4a2","790918176",TRUE
"140","1710793","PV4a2#2 1710794 Tipi ASB RJVR","LHp1","LHp1","BLP4","BLP4","ON","PV4","PV4a","PV4a2","PV4a2#4","790918133","old","L1467#16","cell.type","complete","glutamate","none","Bates & Schlegel et al. 2020","Bates & Schlegel et al. 2020; Frechter et al. 2019; Dolan et al. 2019; Varela et al. 2019","LHPV4a2","760566735",TRUE
"141","11524386","PV4a3#1 5918554 Marshall SD","LHp1","LHp1","BLP4","BLP4","ON","PV4","PV4a","PV4a3","PV4a3#1","790917992","old","L1354#1","cell.type","complete","glutamate","none","Bates & Schlegel et al. 2020","Bates & Schlegel et al. 2020; Frechter et al. 2019; Dolan et al. 2019; Varela et al. 2019","LHPV4a2","760566735",TRUE
"142","4215506","PV4a4#1 4215507 Valjean SD","LHp1","LHp1","BLP4","BLP4","ON","PV4","PV4a","PV4a5","PV4a5#1","637121560","old","130704c1","cell.type","complete","glutamate","none","Dolan et al. 2019","Bates & Schlegel et al. 2020; Frechter et al. 2019; Dolan et al. 2019; Varela et al. 2019","LHPV4a4","760566744",TRUE
"143","4100701","PV4a5#1 4100702 Legolas RJVR SD","LHp1","LHp1","BLP4","BLP4","ON","PV4","PV4a","PV4a5","PV4a5#2","790577606","old","L1467#24","cell.type","complete","glutamate","none","Dolan et al. 2019","Bates & Schlegel et al. 2020; Frechter et al. 2019; Dolan et al. 2019; Varela et al. 2019","LHPV4a6","729867427",TRUE
"144","3367291","PV4 [LH.R] 3367292 Twirl ASB","LHp1","LHp1","BLP4","BLP4","ON","PV4","PV4a","PV4a7","PV4a7#1","698820341","old","L1473#1","cell.type","preliminary","unknown","none","Dolan et al. 2019","Dolan et al. 2019","LHPV4a7","729530620",TRUE
"145","6203604","PV4b1#1 6203605 Kingfisher ASB","SLPp&v1","SLPp&v1_posterior","DPLp2","DPLp2_posterior","ON","PV4","PV4b","PV4b1","PV4b1#1","5901193788","old","L1827#4","cell.type","preliminary","acetylcholine","none","Dolan et al. 2019","Dolan et al. 2019","LHPV4b1","604398262",TRUE
"146","2096700","PV4b2 2096701 Phil Harris RJVR","SLPp&v1","SLPp&v1_posterior","DPLp2","DPLp2_posterior","ON","PV4","PV4b","PV4b2","PV4b2#1","881329355","old","VGlut-F-400084","cell.type","complete","glutamate","none","Dolan et al. 2019","Bates & Schlegel et al. 2020; Frechter et al. 2019; Dolan et al. 2019","LHPV4b7","513323340",TRUE
"147","5605174","LAC PV4c3#4 5605175 ECM Winds of Winter","SLPp&v1","SLPp&v1_posterior","DPLp2","DPLp2_posterior","ON","PV4","PV4b","PV4b6","PV4b6#1","356153135","new","L2316#2","anatomy.group","rough","unknown","none","Marin et al. 2020","Marin et al. 2020","LHPV4c3","356153135",TRUE
"148","1091854","LAC PV4c3#5 1091855 FML Teatable","SLPp&v1","SLPp&v1_posterior","DPLp2","DPLp2_posterior","ON","PV4","PV4b","PV4b6","PV4b6#2","417890128","new","L2316#2","anatomy.group","rough","unknown","none","Marin et al. 2020","Marin et al. 2020","LHPV4c4","417890128",TRUE
"149","6292583","LAC PV4c3#1 6292584 ECM Daenerys","SLPp&v1","SLPp&v1_posterior","DPLp2","DPLp2_posterior","ON","PV4","PV4c","PV4c1","PV4c1#1","5813058028","old","L2316#2","cell.type","rough","glutamate","none","Marin et al. 2020","Marin et al. 2020","LHPV4c1","694813676",TRUE
"150","1103232","PV4 DA2 Downstream 1103233 RJVR","SLPp&v1","SLPp&v1_posterior","DPLp2","DPLp2_posterior","ON","PV4","PV4c","PV4c1","PV4c1#2","386833812","old","L2316#2","cell.type","preliminary","glutamate","none","Dolan et al. 2019","Dolan et al. 2019","LHPV4c4","386833812",TRUE
"151","3968249","LAC PV4c3#2 3968250 RJVR ECM Viserys","SLPp&v1","SLPp&v1_posterior","DPLp2","DPLp2_posterior","ON","PV4","PV4c","PV4c1","PV4c1#2","540998783","old","L2392#2","cell.type","rough","glutamate","none","Marin et al. 2020","Marin et al. 2020","LHPV4c1","540998783",TRUE
"152","1120955","LAC PV4c3#3 1120956 GSXEJ ECM Aerys","SLPp&v1","SLPp&v1_posterior","DPLp2","DPLp2_posterior","ON","PV4","PV4c","PV4c1","PV4c1#3","5813058028","old","L2316#2","cell.type","rough","glutamate","none","Marin et al. 2020","Marin et al. 2020","LHPV4c1","5813058028",TRUE
"153","4292232","PV4c2#1 4292233 Jekyll SD","SLPp&v1","SLPp&v1_posterior","DPLp2","DPLp2_posterior","ON","PV4","PV4c","PV4c3","PV4c3#1","880987844","old","L1397#1","cell.type","preliminary","glutamate","none","Dolan et al. 2019","Dolan et al. 2019","LHPV4g1","880987844",TRUE
"154","3081576","PV4d2#2 3081577 Usurped Kingfisher RJVR","LHp1","LHp1","BLP4","BLP4","ON","PV4","PV4d","PV4d2","PV4d2#1","667824200","old","Cha-F-100278","cell.type","rough","unknown","none","Huoviala et al. 2020","Huoviala et al. 2020","LHPV4h3","485387561",TRUE
"155","1869224","PV4d2#1 1869225 Baza ASB","LHp1","LHp1","BLP4","BLP4","ON","PV4","PV4d","PV4d4","PV4d4#1","604735961","old","L979#1","cell.type","preliminary","glutamate","none","Dolan et al. 2019","Dolan et al. 2019","LHPV4b13","604735961",TRUE
"156","4044728","29D? 4044729 jafar SD","LHp1","LHp1","BLP4","BLP4","ON","PV4","PV4e","PV4e3","PV4e3#1","5813012970","old","Cha-F-500298","cell.type","preliminary","unknown","none","Marin et al. 2020","Marin et al. 2020","LHPV4h1","5813012970",TRUE
"157","3788293","PV5a1 3788294  PV5 Chester ASB","DL2","DL2_lateral","CP3","CP3_lateral","ON","PV5","PV5a","PV5a1","PV5a1#1","573333284","old","120708c1","cell.type","complete","acetylcholine","LHON-I","Bates & Schlegel et al. 2020","Bates & Schlegel et al. 2020; Frechter et al. 2019; Dolan et al. 2019; Aso et al. 2014","LHPV5a1","609941228",TRUE
"158","2042935","PV5a1#1 2042936 A Spoon in Many Liquids PS","DL2","DL2_dorsal","CP3","CP3_dorsal","ON","PV5","PV5a","PV5a1","PV5a1#1","696082279","old","120708c1","cell.type","complete","acetylcholine","LHON-I","Bates & Schlegel et al. 2020","Bates & Schlegel et al. 2020; Frechter et al. 2019; Dolan et al. 2019; Aso et al. 2014","LHPV5d2","696082279",TRUE
"159","5937632","PV5a1#10 5937633 Blood Pact ASB","DL2","DL2_dorsal","CP3","CP3_dorsal","ON","PV5","PV5a","PV5a1","PV5a1#10","604368022","old","Gad1-F-900137","cell.type","complete","acetylcholine","LHON-I","Bates & Schlegel et al. 2020","Bates & Schlegel et al. 2020; Frechter et al. 2019; Dolan et al. 2019; Aso et al. 2014","LHPV5a1","573683455",TRUE
"160","11522498","PV5a1#11 3788507 Giric ASB","DL2","DL2_dorsal","CP3","CP3_dorsal","ON","PV5","PV5a","PV5a1","PV5a1#11","573333284","old","L378#1","cell.type","complete","acetylcholine","LHON-I","Bates & Schlegel et al. 2020","Bates & Schlegel et al. 2020; Frechter et al. 2019; Dolan et al. 2019; Aso et al. 2014","LHPV5a1","609941228",TRUE
"161","2425247","PV5a1#1 1288666 Falcon ASB","DL2","DL2_lateral","CP3","CP3_lateral","ON","PV5","PV5a","PV5a1","PV5a1#2","573333284","old","L166#5","cell.type","complete","acetylcholine","LHON-I","Dolan et al. 2019","Bates & Schlegel et al. 2020; Frechter et al. 2019; Dolan et al. 2019; Aso et al. 2014","LHPV5a2","579576294",TRUE
"162","2204528","PV5a1#2 2204529 Mr Hooly Hooly ASB","DL2","DL2_dorsal","CP3","CP3_dorsal","ON","PV5","PV5a","PV5a1","PV5a1#2","609941228","old","L378#1","cell.type","complete","acetylcholine","LHON-I","Bates & Schlegel et al. 2020","Bates & Schlegel et al. 2020; Frechter et al. 2019; Dolan et al. 2019; Aso et al. 2014","LHPV5a1","609941228",TRUE
"163","2831091","PV5a1#4 2831092 A Danger to Myself and Others RJVR AJES","DL2","DL2_dorsal","CP3","CP3_dorsal","ON","PV5","PV5a","PV5a1","PV5a1#4","573333284","old","Gad1-F-400275","cell.type","complete","acetylcholine","LHON-I","Bates & Schlegel et al. 2020","Bates & Schlegel et al. 2020; Frechter et al. 2019; Dolan et al. 2019; Aso et al. 2014","LHPV5a1","604368022",TRUE
"164","5806820","PV5a1#6 2251207 Covenant ASB","DL2","DL2_dorsal","CP3","CP3_dorsal","ON","PV5","PV5a","PV5a1","PV5a1#6","572651463","old","Gad1-F-100099","cell.type","complete","acetylcholine","LHON-I","Bates & Schlegel et al. 2020","Bates & Schlegel et al. 2020; Frechter et al. 2019; Dolan et al. 2019; Aso et al. 2014","LHPV5a5","572651463",TRUE
"165","5807209","PV5a1#7 5807210 Hot Breath ARJ","DL2","DL2_dorsal","CP3","CP3_dorsal","ON","PV5","PV5a","PV5a1","PV5a1#7","577546843","old","L224#1","cell.type","complete","acetylcholine","LHON-I","Bates & Schlegel et al. 2020","Bates & Schlegel et al. 2020; Frechter et al. 2019; Dolan et al. 2019; Aso et al. 2014","LHPV5a1","573333903",TRUE
"166","5807249","PV5a1#8 5807250 Jean-Claude ARJ","DL2","DL2_dorsal","CP3","CP3_dorsal","ON","PV5","PV5a","PV5a1","PV5a1#8","727838223","old","130118c0","cell.type","complete","acetylcholine","LHON-I","Bates & Schlegel et al. 2020","Bates & Schlegel et al. 2020; Frechter et al. 2019; Dolan et al. 2019; Aso et al. 2014","LHPV5d4","454706029",TRUE
"167","5807321","PV5a1#9 5807322 Unicum Zwack ARJ","DL2","DL2_dorsal","CP3","CP3_dorsal","ON","PV5","PV5a","PV5a1","PV5a1#9","604368022","old","L166#6","cell.type","complete","acetylcholine","LHON-I","Bates & Schlegel et al. 2020","Bates & Schlegel et al. 2020; Frechter et al. 2019; Dolan et al. 2019; Aso et al. 2014","LHPV5a1","573333903",TRUE
"168","1299626","PV5a2#1 1299627 You Came To * But Left Your * At Home ASB","DL2","DL2_dorsal","CP3","CP3_dorsal","ON","PV5","PV5a","PV5a2","PV5a2#1","573670049","old","L166#4","cell.type","complete","unknown","none","Bates & Schlegel et al. 2020","Bates & Schlegel et al. 2020; Frechter et al. 2019","LHPV5a2","573670049",TRUE
"169","5807241","PV5b1#1 5807242 Make Good Decisions GSXEJ","DL2","DL2_dorsal","CP3","CP3_dorsal","ON","PV5","PV5b","PV5b1","PV5b1#1","454706029","old","160121c1","cell.type","complete","acetylcholine","none","Bates & Schlegel et al. 2020","Bates & Schlegel et al. 2020; Frechter et al. 2019; Dolan et al. 2019","LHPV5d4","454706029",TRUE
"170","5807269","PV5b1#1 5807270 Disgraced Tennis Player ARJ ASB","DL2","DL2_dorsal","CP3","CP3_dorsal","ON","PV5","PV5b","PV5b1","PV5b1#2","454706029","old","160121c1","cell.type","complete","acetylcholine","none","Bates & Schlegel et al. 2020","Bates & Schlegel et al. 2020; Frechter et al. 2019; Dolan et al. 2019","LHPV5d4","454706029",TRUE
"171","5292219","PV5b2#1 5292220 Hawk ASB","DL1","DL1_dorsal","CP2","CP2_dorsal","ON","PV5","PV5b","PV5b2","PV5b2#1","5901203559","old","130425c1","cell.type","preliminary","acetylcholine","none","Dolan et al. 2019","Dolan et al. 2019","LHPV5b2","5901203559",TRUE
"172","4945705","[LH.R] --> ? 4945706 SD","DL1","DL1_dorsal","CP2","CP2_dorsal","ON","PV5","PV5b","PV5b3","PV5b3#1","705722260","old","L849#1","cell.type","preliminary","unknown","none","Dolan et al. 2019","Dolan et al. 2019","LHPV5b3","575750788",TRUE
"173","5676478","PV5c1#1 5676479 Tawny Owl ASB","DL1","DL1_dorsal","CP2","CP2_dorsal","ON","PV5","PV5c","PV5c2","PV5c2#1","455751103","old","E0585-F-300050","cell.type","complete","acetylcholine","none","Dolan et al. 2019","Bates & Schlegel et al. 2020; Frechter et al. 2019; Dolan et al. 2019","LHPV5c2","485728655",TRUE
"174","6197374","PV5c2#1 6197375 Marsh Harrier ASB","DL1","DL1_dorsal","CP2","CP2_dorsal","ON","PV5","PV5c","PV5c2","PV5c2#2","768132738","old","L173#1","cell.type","preliminary","acetylcholine","none","Dolan et al. 2019","Dolan et al. 2019","LHPV5c3","611620813",TRUE
"175","1621078","PV5 [LH.R->] 1621079 Canary ASB","DL2","DL2_dorsal","CP3","CP3_dorsal","ON","PV5","PV5g","PV5g1","PV5g1#1","702010197","old","L374#2","cell.type","preliminary","acetylcholine","none","Dolan et al. 2019","Dolan et al. 2019","LHPV5g3","639958133",TRUE
"176","5807217","PV5g2#1 5807218 ARJ ASB","DL2","DL2_dorsal","CP3","CP3_dorsal","ON","PV5","PV5g","PV5g2","PV5g2#2","5901208687","old","L374#8","cell.type","preliminary","acetylcholine","none","Dolan et al. 2019","Dolan et al. 2019","LHPV5g2","608240515",TRUE
"177","1546454","EB canal neuron 1546455 AES","DL1","DL1_dorsal","CP2","CP2_dorsal","ON","PV5","PV5k","PV5k1","PV5k1#1","732034061","old","L528#1","cell.type","preliminary","unknown","none","Dolan et al. 2019","Dolan et al. 2019","LHPV5k1","732034061",FALSE
"178","11128057","LAC LHp2#6 11128058 LB Ygritte clan","LHp2","LHp2_medial","DPLp1","DPLp1_medial","ON","PV5","PV5l","PV5l1","PV6f1#1","5813022453","new","L374#5","pnt","rough","unknown","none","Marin et al. 2020","Marin et al. 2020","LHPV6f1","5813022453",TRUE
"179","8808525","LAC LHp2#5 8808526 ECM Ygritte clan","LHp2","LHp2_medial","DPLp1","DPLp1_medial","ON","PV5","PV5l","PV5l1","PV6f1#2","5813022453","new","L374#5","pnt","rough","unknown","none","Marin et al. 2020","Marin et al. 2020","LHPV6f1","5813022453",TRUE
"180","5824712","LAC LHp2#4 5824713 LB Ygritte clan","LHp2","LHp2_medial","DPLp1","DPLp1_medial","ON","PV5","PV5l","PV5l1","PV6f1#3","694471913","new","L374#5","pnt","rough","unknown","none","Marin et al. 2020","Marin et al. 2020","LHPV6f1","695167675",TRUE
"181","4214681","LAC LHp2#1 4214682 ECM Ygritte clan","LHp2","LHp2_medial","DPLp2","DPLp1_medial","ON","PV5","PV5l","PV5l1","PV6f1#4","694471913","new","L374#5","pnt","rough","unknown","none","Marin et al. 2020","Marin et al. 2020","LHPV6f1","694472667",NA
"182","4182361","LAC LHp2#2 4182362 MT Ygritte clan","LHp2","LHp2_medial","DPLp1","DPLp1_medial","ON","PV5","PV5l","PV5l1","PV6f1#5","694471913","new","L374#5","pnt","rough","unknown","none","Marin et al. 2020","Marin et al. 2020","LHPV6f1","694471913",TRUE
"183","4182148","LAC LHp2#3 4182149 ECM Ygritte clan","LHp2","LHp2_medial","DPLp1","DPLp1_medial","ON","PV5","PV5l","PV5l1","PV6f1#6","694471913","new","L374#5","pnt","rough","unknown","none","Marin et al. 2020","Marin et al. 2020","LHPV6f1","694471913",TRUE
"184","8739442","PV6 8739443 Unexpected Victory CMM ASB","LHp2","LHp2_medial","DPLp1","DPLp1_medial","ON","PV6","PV6a","PV6a1","PV6a1#1","511626068","old","L62#1","cell.type","preliminary","acetylcholine","none","Dolan et al. 2019","Dolan et al. 2019","LHPV6a1","511626068",TRUE
"185","1101751","PV6a3#1 1101752 FML RJVR Caligari","LHp2","LHp2_medial","DPLp1","DPLp1_medial","ON","PV6","PV6a","PV6a3","PV6a3#1","574372960","old","L2185#1","cell.type","complete","acetylcholine","none","Huoviala et al. 2020","Bates & Schlegel et al. 2020; Frechter et al. 2019; Dolan et al. 2019","LHPV6a3","574372960",TRUE
"186","2130631","PV6a3#2 2130632 Wilson FML ASB ","LHp2","LHp2_medial","DPLp1","DPLp1_medial","ON","PV6","PV6a","PV6a3","PV6a3#2","388863775","old","L2185#1","cell.type","preliminary","acetylcholine","none","Dolan et al. 2019","Dolan et al. 2019","LHPV6a3","388863775",TRUE
"187","2466931","LAC PV5 [LH.L] 2466932 RJVR Zamorak","LHp2","LHp2_medial","DPLp1","DPLp1_medial","ON","PV6","PV6c","PV6c1","PV6c1#2","387870860","new","L2220#2","cell.type","rough","unknown","none","Marin et al. 2020","Marin et al. 2020","LHPV6c1","387870860",TRUE
"188","1102557","PV6f1 22446 Albatross JMR ARH","LHp2","LHp2_medial","DPLp1","DPLp1_medial","ON","PV6","PV6f","PV6f1","PV6f1#1","387870860","new","new:PV6f1","cell.type","preliminary","unknown","none","Huoviala et al. 2020","Huoviala et al. 2020","LHPV6c1","387870860",TRUE
"189","6292134","LAC PV6 neuron 6292135 ECM Davos crew","SLPpl1","SLPpl1","DPLl1","DPLl1","ON","PV5","PV6g","PV6g1","PV6g1#1","325122109","new","Cha-F-400287","pnt","preliminary","unknown","none","Marin et al. 2020","Marin et al. 2020","PDL20c_pc","325122109",NA
"190","6292328","LAC PV6 neuron 6292329 ECM Davos crew","SLPpl1","SLPpl1","DPLl1","DPLl1","ON","PV6","PV6g","PV6g1","PV6g1#1","356472645","new","Cha-F-400287","pnt","preliminary","unknown","none","Marin et al. 2020","Marin et al. 2020","PDL20c_pc","325122109",NA
"191","9069835","LAC PV5 neuron 9069836 Gannet ASB ECM","LHp2","LHp2_medial","DPLp1","DPLp1_medial","ON","PV6","PV6h","PV6h1","PV6h1#1","449910481","new","new:PV6h1","cell.type","rough","unknown","none","Marin et al. 2020","Marin et al. 2020","LHPV6h1","449910481",TRUE
"192","8880705","LAC neuron 8880706 Baratheon MT ECM","DPMpl1?","DPMpl1/2","SMPpv1/2","SMPpv1/2","ON","PV7","PV7c","PV7c1","PV7c1#1","unknown","new","fru-F-000092","anatomy.group","rough","unknown","none","Marin et al. 2020","Marin et al. 2020","uncertain","none",NA
"193","369583","LAC neuron 369584 BAK ECM Dorne","DM1","DM1","DPMm1","DPMm1","ON","PV9","PV9e","PV9e1","PV9e1#1","544361987","new","Trh-F-100072","pnt","rough","unknown","none","Marin et al. 2020","Marin et al. 2020","LHPV10c1","544361987",TRUE
"194","4017748","Putative TPN {lALT} 4017749 Quail RJVR ","unknown","unknown","unknown","unknown","IN","VNCT","VNC-PN","VNC-PN1","VNC-PN1#1","1663021115","new","new:VNC-PN1","cell.type","preliminary","acetylcholine","none","Dolan et al. 2019","Dolan et al. 2019","uncertain","2095549849",NA
"195","2122447","putative WED-PN1 2122448 RJVR","WEDa2","WEDa2","BAlp3","BAlp3","IN","WEDT","WED-PN","WED-PN1","WED-PN1#1","2030342003","new","L112#1","cell.type","rough","GABA","none","Bates & Schlegel et al. 2020","Bates & Schlegel et al. 2020; Dolan et al. 2019","LHWEDLHPN1","2030342003",TRUE
"196","2227995","WED-PN1#1 2227996 Grey Herron SD","WEDa2","WEDa2","BAlp3","BAlp3","IN","WEDT","WED-PN","WED-PN1","WED-PN1#2","2030342003","old","L112#1","cell.type","complete","GABA","none","Dolan et al. 2019","Bates & Schlegel et al. 2020; Dolan et al. 2019","LHWEDLHPN1","2030342003",TRUE
"197","4267053","WED-PN1 4267054 I BELIEVE IN ME SD RJVR","WEDa2","WEDa2","BAlp3","BAlp3","IN","WEDT","WED-PN","WED-PN1","WED-PN1#3","1069223047","new","L112#1","cell.type","rough","GABA","none","Bates & Schlegel et al. 2020","Bates & Schlegel et al. 2020; Dolan et al. 2019","LHWEDLHPN1","2214504597",TRUE
"198","4280558","WED-PN1 4280559 SD RJVR Today I found a soma","WEDa2","WEDa2","BAlp3","BAlp3","IN","WEDT","WED-PN","WED-PN1","WED-PN1#4","2214846055","new","L112#1","cell.type","rough","GABA","none","Bates & Schlegel et al. 2020","Bates & Schlegel et al. 2020; Dolan et al. 2019","LHWEDLHPN1","2214846055",TRUE
"199","5002989","WED-PN1 5002990 RJVR PDP","WEDa2","WEDa2","BAlp3","BAlp3","IN","WEDT","WED-PN","WED-PN1","WED-PN1#5","1069223047","new","L112#1","cell.type","rough","GABA","none","Bates & Schlegel et al. 2020","Bates & Schlegel et al. 2020; Dolan et al. 2019","LHWEDLHPN1","1069223047",TRUE
"200","4946893","WED-PN2 4946894 RJVR SD Lucy Parsons","WEDa2","WEDa2","BAlp3","BAlp3","IN","WEDT","WED-PN","WED-PN2","WED-PN2#1","853726809","new","L1524#1","cell.type","rough","acetylcholine","none","Bates & Schlegel et al. 2020","Bates & Schlegel et al. 2020; Dolan et al. 2019","LHWEDLHPN2","885788485",TRUE
"201","9249174","WED-PN2#1 9249175 Gregory Seneca Xerxes Eugene Jefferis RJVR ASB PDP","WEDa2","WEDa2","BAlp3","BAlp3","IN","WEDT","WED-PN","WED-PN2","WED-PN2#2","853726809","old","L1524#1","cell.type","complete","acetylcholine","none","Dolan et al. 2019","Bates & Schlegel et al. 2020; Dolan et al. 2019","LHWEDLHPN3","853726809",TRUE
"202","1313071","putative WED-PN3 1313072 Sparta ASB RJVR PDP","WEDa2","WEDa2","BAlp3","BAlp3","IN","WEDT","WED-PN","WED-PN3","WED-PN3#1","1006854683","new","L1518#1","cell.type","complete","unknown","none","Bates & Schlegel et al. 2020","Bates & Schlegel et al. 2020; Dolan et al. 2019","LHWEDLHPN3","1006854683",TRUE
"203","3799421","putative WED-PN2 3799422 Gregory Sylvester Xander Edmonton Jefferis RJVR GSXEJ","WEDa2","WEDa2","BAlp3","BAlp3","IN","WEDT","WED-PN","WED-PN3","WED-PN3#3","915451074","new","L1518#1","cell.type","rough","unknown","none","Bates & Schlegel et al. 2020","Bates & Schlegel et al. 2020; Dolan et al. 2019","LHWEDLHPN2","915451074",TRUE
"204","3933006","WED-PN3 3933007 Athens","WEDa2","WEDa2","BAlp3","BAlp3","IN","WEDT","WED-PN","WED-PN3","WED-PN3#4","5813020138","new","L1518#1","cell.type","rough","unknown","none","Bates & Schlegel et al. 2020","Bates & Schlegel et al. 2020; Dolan et al. 2019","LHWEDLHPN3","5813013913",TRUE
"205","1313334","WED-PN3#1 1313335 Athens ASB","WEDa2","WEDa2","BAlp3","BAlp3","IN","WEDT","WED-PN","WED-PN3","WED-PN3#5","5813020138","old","L1518#1","cell.type","preliminary","unknown","none","Dolan et al. 2019","Bates & Schlegel et al. 2020; Dolan et al. 2019","LHWEDLHPN3","5813020138",TRUE
"206","2153398","WED-PN4#1 2153399 Double Trouble RJVR ASB","WEDa2","WEDa2","BAlp3","BAlp3","IN","WEDT","WED-PN","WED-PN4","WED-PN4#1","5813032740","new","new:WED-PN4","cell.type","complete","unknown","none","Dolan et al. 2019","Bates & Schlegel et al. 2020; Dolan et al. 2019","LHWEDLHPN4","5813032740",TRUE
"207","4672476","WED-PN5#1 4672477 Flamingo PMJ","WEDa2","WEDa2","BAlp3","BAlp3","IN","WEDT","WED-PN","WED-PN5","WED-PN5#1","1573741727","old","L1337#1","cell.type","complete","acetylcholine","none","Dolan et al. 2019","Bates & Schlegel et al. 2020","LHWEDLHPN7","1573741727",FALSE
"208","6082926","putative WED-PN 5 6082927 Marga PDP","WEDa2","WEDa2","BAlp3","BAlp3","IN","WEDT","WED-PN","WED-PN5","WED-PN5#2","5812991267","new","L1337#1","cell.type","rough","acetylcholine","none","Bates & Schlegel et al. 2020","Bates & Schlegel et al. 2020","LHWEDLHPN7","1573741727",FALSE
"209","3416395","Orange Kite WED.R -> LH.R 3416396 RJVR","VPNp&v1","VPNp&v1_posterior","BLP1","BLP1_posterior","IN","PV2","WED-PN","WED-PN6","WED-PN6#1","912390224","new","L85#1","cell.type","rough","unknown","none","Bates & Schlegel et al. 2020","Bates & Schlegel et al. 2020","LHWEDLHPN14","912390224",TRUE
"210","4946872","PV2#e1 4946873 Red Kite ASB SD","VPNp&v1","VPNp&v1_posterior","BLP1","BLP1_posterior","IN","PV2","WED-PN","WED-PN6","WED-PN6#2","1131310385","old","L85#1","cell.type","complete","unknown","none","Dolan et al. 2019","Bates & Schlegel et al. 2020","LHWEDLHPN6","1131310385",TRUE
"211","3954226","WED-PN7 3954227 Sprig ASB RJVR","new2","new2_ventral","BAlp2","BAlp2_dorsal","IN","WEDT","WED-PN","WED-PN7","WED-PN7#1","1605786832","new","new:WED-PN7","cell.type","rough","unknown","none","Bates & Schlegel et al. 2020","Bates & Schlegel et al. 2020","LHWEDLHPN7","5813056323",FALSE
"212","4947032","WED-PN7#1 4947033 Crane SD","new2","new2_ventral","BAlp2","BAlp2_dorsal","IN","WEDT","WED-PN","WED-PN7","WED-PN7#2","1573741727","new","new:WED-PN7","cell.type","complete","unknown","none","Bates & Schlegel et al. 2020","Bates & Schlegel et al. 2020","LHWEDLHPN5","5813015982",FALSE
"213","5810932","WED-PN7 5810932 PMJ RJVR","new2","new2_ventral","BAlp2","BAlp2_dorsal","IN","WEDT","WED-PN","WED-PN7","WED-PN7#3","5812991267","new","new:WED-PN7","cell.type","rough","unknown","none","Bates & Schlegel et al. 2020","Bates & Schlegel et al. 2020","LHWEDLHPN5","5813015982",FALSE
"214","2946605","putative WED-PN8 2946606 ASB RJVR PDP","WEDd1","WEDd1","DALd","DALd","IN","WEDT","WED-PN","WED-PN8","WED-PN8#1","5813024193","new","new:WED-PN8","cell.type","rough","unknown","none","Bates & Schlegel et al. 2020","Bates & Schlegel et al. 2020","uncertain","5813024193",NA
"215","4027387","WED-PN8 4027388 Giant Ibis RJVR","WEDd1","WEDd1","DALd","DALd","IN","WEDT","WED-PN","WED-PN8","WED-PN8#2","1565802648","new","new:WED-PN8","cell.type","complete","unknown","none","Bates & Schlegel et al. 2020","Bates & Schlegel et al. 2020","LHWEDLHPN8","1565802648",TRUE
"216","7481072","WED-PN8 7481073 RJVR","WEDd1","WEDd1","DALd","DALd","IN","WEDT","WED-PN","WED-PN8","WED-PN8#3","1565802648","new","new:WED-PN8","cell.type","rough","unknown","none","Bates & Schlegel et al. 2020","Bates & Schlegel et al. 2020","LHWEDLHPN8","2096909904",TRUE
"217","9206583","putative WED-PN 8 9206584 same pnt PDP","WEDd1","WEDd1","DALd","DALd","IN","WEDT","WED-PN","WED-PN8","WED-PN8#4","2061028219","new","new:WED-PN8","cell.type","rough","unknown","none","Bates & Schlegel et al. 2020","Bates & Schlegel et al. 2020","LHWEDLHPN8","2061028219",TRUE
"218","9206998","putative WED-PN 8 9206999 Tristan PDP","WEDd1","WEDd1","DALd","DALd","IN","WEDT","WED-PN","WED-PN8","WED-PN8#5","2096909904","new","new:WED-PN8","cell.type","rough","unknown","none","Bates & Schlegel et al. 2020","Bates & Schlegel et al. 2020","LHWEDLHPN8","2065879191",NA
