,celltype,ImageID,LineCode,Segment,FinalNames,Polarity,Neurotransmitter
1,101,JRC_SS16986-20161207_31_G3,L1594,Yes,AV3a2,Output,GABA
2,101,JRC_SS16986-20161207_31_G1,L1594,Yes,AV3a2,Output,GABA
3,101,JRC_SS16986-20161207_31_G5,L1594,Yes,AV3a2,Output,GABA
4,101,JRC_SS16986-20161207_31_F6,L1594,Yes,AV3a2,Output,GABA
5,101,JRC_SS16986-20161207_31_F2,L1594,Yes,AV3a2,Output,GABA
6,137,JRC_SS15129-20161207_31_A1,L18,Yes,LO-PN2,Input,Acetylcholine
7,137,JRC_SS24813-20170308_31_H5,L2345,Yes,LO-PN2,Input,Acetylcholine
8,137,JRC_SS24813-20170308_31_G5,L2345,Yes,LO-PN2,Input,Acetylcholine
9,137,JRC_SS24813-20170308_31_G6,L2345,Yes,LO-PN2,Input,Acetylcholine
10,137,JRC_SS15129-20161207_31_A4,L18,Yes,LO-PN2,Input,Acetylcholine
11,137,JRC_SS24813-20170308_31_H6,L2345,Yes,LO-PN2,Input,Acetylcholine
12,137,JRC_SS15129-20161207_31_A3,L18,Yes,LO-PN2,Input,Acetylcholine
13,139,JRC_SS15267-20170131_32_D5,L260,Yes,PV3b1,Input,Acetylcholine
14,139,JRC_SS15267-20170131_32_D2,L260,Yes,PV3b1,Input,Acetylcholine
15,151A,JRC_SS24825-20161207_32_E2,L2387,Yes,GNG-PN2,Input,Acetylcholine
16,151B,JRC_SS24671-20170308_32_B4,L2201,Yes,GNG-PN1,Input,Acetylcholine
17,151B,JRC_SS24671-20170308_32_A4,L2201,Yes,GNG-PN1,Input,Acetylcholine
18,151B,JRC_SS24671-20170308_32_A6,L2201,Yes,GNG-PN1,Input,Acetylcholine
19,151B,JRC_SS24671-20170308_32_A1,L2201,Yes,GNG-PN1,Input,Acetylcholine
20,153,JRC_SS24693-20170308_32_D1,L2260,Yes,,,
21,153,JRC_SS24693-20170308_32_D6,L2260,Yes,,,
22,16B,JRC_SS24656-20170308_31_I4,L2273,Yes,AD1b2,Output,Acetylcholine
23,17C,JRC_SS03795-20170131_32_B1,L728,Yes,AV1a1,Output,Acetylcholine
24,17C,JRC_SS23395-20170131_32_G1,L1983,Yes,AV1a1,Output,Acetylcholine
25,17C,JRC_SS23395-20170131_32_G2,L1983,Yes,AV1a1,Output,Acetylcholine
26,1D,JRC_SS16038-20170308_31_A5,L788,Yes,AV4a2,Local,GABA
27,1D,JRC_SS16038-20170308_31_A2,L788,Yes,AV4a2,Local,GABA
28,1D,JRC_SS16038-20170308_31_B1,L788,Yes,AV4a2,Local,GABA
29,1D,JRC_SS16038-20170308_31_B3,L788,Yes,AV4a2,Local,GABA
30,1H,JRC_SS15273-20161207_31_C5,L159,Yes,AV4a1,Output,GABA
31,1H,JRC_SS15273-20161207_31_D1,L159,Yes,AV4a1,Output,GABA
32,1H,JRC_SS15273-20161207_31_D2,L159,Yes,AV4a1,Output,GABA
33,27A,JRC_SS22737-20170308_32_G1,L629,Yes,AV2a1,Output,"Acetylcholine, GABA"
34,27A,JRC_SS22737-20170308_32_G5,L629,Yes,AV2a1,Output,"Acetylcholine, GABA"
35,27A,JRC_SS22737-20170308_32_H4,L629,Yes,AV2a1,Output,"Acetylcholine, GABA"
36,29B,JRC_SS24679-20161123_33_G6,L2193,Yes,PV4d4,Output,Acetylcholine
37,29B,JRC_SS24679-20161123_33_H2,L2193,Yes,PV4d4,Output,Acetylcholine
38,29B,JRC_SS23170-20161123_33_D1,L2185,Yes,PV4d4,Output,Acetylcholine
39,29B,JRC_SS23170-20161123_33_E3,L2185,Yes,PV4d4,Output,Acetylcholine
40,29B,JRC_SS24679-20161123_33_H3,L2193,Yes,PV4d4,Output,Acetylcholine
41,29B,JRC_SS24679-20161123_33_G4, L2193,Yes,PV4d4,Output,Acetylcholine
42,29B,JRC_SS24679-20161123_33_G1,L2193,Yes,PV4d4,Output,Acetylcholine
43,29B,JRC_SS24679-20161123_33_H6,L2193,Yes,PV4d4,Output,Acetylcholine
44,29C,JRC_SS03226-20161123_33_B3,L188,Yes,PV4d1,Output,Acetylcholine
45,29C,JRC_SS03226-20161123_33_B5,L188,Yes,PV4d1,Output,Acetylcholine
46,29C,JRC_SS03226-20161123_33_A4,L188,Yes,PV4d1,Output,Acetylcholine
47,4A,JRC_SS16652-20170131_32_H3,L542,Yes,PV4a3,Local,Glutamate
48,4A,JRC_SS04970-20170131_32_E2,L1735,Yes,PV4a3,Local,Glutamate
49,4A,JRC_SS04974-20170131_32_A1,L1475,Yes,PV4a3,Local,Glutamate
50,4A,JRC_SS04974-20170131_32_A3,L1475,Yes,PV4a3,Local,Glutamate
51,4A,JRC_SS22604-20170131_32_F6,L1354,Yes,PV4a3,Local,Glutamate
52,4A,JRC_SS16652-20170131_32_H4,L542,Yes,PV4a3,Local,Glutamate
53,4A,JRC_SS22604-20170131_32_F2,L1354,Yes,PV4a3,Local,Glutamate
54,4A,JRC_SS16652-20170131_32_H1,L542,Yes,PV4a3,Local,Glutamate
55,4I,JRC_SS24155-20170308_32_E6,L2223,Yes,PV4a2,Local,Glutamate
56,4I,JRC_SS24155-20161207_32_H6,L2223,Yes,PV4a2,Local,Glutamate
57,4I,JRC_SS24155-20170308_32_E5,L2223,Yes,PV4a2,Local,Glutamate
58,4I,JRC_SS24155-20161207_32_H4,L2223,Yes,PV4a2,Local,Glutamate
59,4I,JRC_SS24155-20161207_32_I1,L2223,Yes,PV4a2,Local,Glutamate
60,4I,JRC_SS24155-20161207_32_H2,L2223,Yes,PV4a2,Local,Glutamate
61,4I,JRC_SS24155-20161207_32_J1,L2223,Yes,PV4a2,Local,Glutamate
62,7A,JRC_SS04950-20170308_31_E1,L1129,Yes,,Output,Acetylcholine
63,7A,JRC_SS04950-20170308_31_D2,L1129,Yes,,Output,Acetylcholine
64,7A,JRC_SS04950-20170308_31_D4,L1129,Yes,,Output,Acetylcholine
65,7A,JRC_SS04950-20170308_31_D6,L1129,Yes,,Output,Acetylcholine
75,113,JRC_SS03224-20160914_32_J2,L16,Yes,,NotLH,Glutamate
76,113,GMR_SS00367-20160812_31_B1,L16,Yes,,NotLH,Glutamate
77,113,JRC_SS03224-20160914_32_I3,L16,Yes,,NotLH,Glutamate
78,114A,JRC_SS04949-20150828_31_J3,L509,Yes,PV4g2,Output,Glutamate
79,114A,JRC_SS03783-20151231_33_A3,L509,Yes,PV4g2,Output,Glutamate
80,114A,JRC_SS03783-20151231_33_A5,L509,Yes,PV4g2,Output,Glutamate
81,114A,JRC_SS03783-20151231_33_A2,L509,Yes,PV4g2,Output,Glutamate
82,114A,JRC_SS04949-20150828_31_J4,L509,Yes,PV4g2,Output,Glutamate
83,114A,JRC_SS03783-20151231_33_A1,L509,Yes,PV4g2,Output,Glutamate
84,116A,JRC_SS16578-20151202_33_F3,L196,Yes,PD3a1,Local,Glutamate
85,116A,JRC_SS15256-20160309_31_D4,L194,Yes,PD3a1,Local,Glutamate
86,116A,GMR_22A12_AV_01-20150626_32_J3,L141,Yes,PD3a1,Local,Glutamate
87,116A,GMR_22A12_AV_01-20150626_32_J1,L141,Yes,PD3a1,Local,Glutamate
88,116A,GMR_22A12_AV_01-20150626_32_J4,L141,Yes,PD3a1,Local,Glutamate
89,116A,JRC_SS16578-20151202_33_F1,L196,Yes,PD3a1,Local,Glutamate
90,116A,JRC_SS15301-20160427_31_A6,L141,Yes,PD3a1,Local,Glutamate
91,116A,JRC_SS16578-20151202_33_F2,L196,Yes,PD3a1,Local,Glutamate
92,116A,JRC_SS15301-20160427_31_B5,L141,Yes,PD3a1,Local,Glutamate
93,116A,JRC_SS15301-20160427_31_B4,L141,Yes,PD3a1,Local,Glutamate
94,116A,GMR_22A12_AV_01-20150626_32_J5,L141,Yes,PD3a1,Local,Glutamate
95,116A,JRC_SS15301-20160427_31_B3,L141,Yes,PD3a1,Local,Glutamate
96,116B,JRC_SS15125-20160422_32_C3,L17,Yes,PD3a2,Local,Glutamate
97,116B,JRC_SS15125-20160422_32_C1,L17,Yes,PD3a2,Local,Glutamate
98,116B,JRC_SS15125-20160422_32_D1,L17,Yes,PD3a2,Local,Glutamate
99,11A,JRC_SS16059-20151111_32_G5,L991,Yes,PD2a1/b1,Output,Acetylcholine
100,11A,JRC_SS16059-20151111_32_G1,L991,Yes,PD2a1/b1,Output,Acetylcholine
101,11A,JRC_SS04956-20150828_31_D2,L989,Yes,PD2a1/b1,Output,Acetylcholine
102,11A,JRC_SS04956-20150828_31_D1,L989,Yes,PD2a1/b1,Output,Acetylcholine
103,11A,JRC_SS16059-20151111_32_G3,L991,Yes,PD2a1/b1,Output,Acetylcholine
104,120,GMR_MB072C-20150814_31_D5,MB072C,Yes,,NotLH,Glutamate
105,120,GMR_MB072C-20161019_32_F2,MB072C,Yes,,NotLH,Glutamate
106,120,GMR_MB072C-20161019_32_E3,MB072C,Yes,,NotLH,Glutamate
107,120,GMR_MB072C-20150814_31_D4,MB072C,Yes,,NotLH,Glutamate
108,120,GMR_MB072C-20161019_32_E1,MB072C,Yes,,NotLH,Glutamate
109,123,JRC_SS03776-20160602_31_A6,L578,Yes,PV3f1,Output,Acetylcholine
110,123,JRC_SS03776-20151014_32_E8,L578,Yes,PV3f1,Output,Acetylcholine
111,123,JRC_SS03776-20160602_31_A,L578,Yes,PV3f1,Output,Acetylcholine
112,123,JRC_SS03776-20160602_31_B4,L578,Yes,PV3f1,Output,Acetylcholine
113,123,JRC_SS03776-20151014_32_E1,L578,Yes,PV3f1,Output,Acetylcholine
114,123,JRC_SS03776-20160602_31_B2,L578,Yes,PV3f1,Output,Acetylcholine
115,123,JRC_SS04969-20150821_31_E6,L206,Yes,PV3f1,Output,Acetylcholine
116,123,JRC_SS04969-20150821_31_E4,L206,Yes,PV3f1,Output,Acetylcholine
117,123,JRC_SS04969-20150821_31_E3,L206,Yes,PV3f1,Output,Acetylcholine
118,123,JRC_SS03776-20151014_32_E4,L578,Yes,PV3f1,Output,Acetylcholine
119,123,JRC_SS03776-20160602_31_B5,L578,Yes,PV3f1,Output,Acetylcholine
120,123,JRC_SS03776-20151014_32_E3,L578,Yes,PV3f1,Output,Acetylcholine
121,123,JRC_-20160602_31_A2,L578,Yes,PV3f1,Output,Acetylcholine
122,125,JRC_SS24794-20160629_32_F1,L2382,Yes,PD2a5,Output,Glutamate
123,125,JRC_SS15126-20151007_31_F5,L409,Yes,PD2a5,Output,Glutamate
124,125,JRC_SS24794-20160629_32_E2,L2382,Yes,PD2a5,Output,Glutamate
125,125,JRC_SS15126-20160727_31_B3,L409,Yes,PD2a5,Output,Glutamate
126,125,JRC_SS15126-20160727_31_A5,L409,Yes,PD2a5,Output,Glutamate
127,125,JRC_SS15126-20160727_31_A3,L409,Yes,PD2a5,Output,Glutamate
128,125,JRC_SS15126-20151007_31_F2,L409,Yes,PD2a5,Output,Glutamate
129,125,JRC_SS24794-20160629_32_F5,L2382,Yes,PD2a5,Output,Glutamate
130,125,JRC_SS15126-20151007_31_F1,L409,Yes,PD2a5,Output,Glutamate
131,12A,JRC_SS16977-20160518_31_H3,L1293,Yes,PV5c1,Output,Acetylcholine
132,12A,JRC_SS16977-20160518_31_H1,L1293,Yes,PV5c1,Output,Acetylcholine
133,12A,JRC_SS16977-20160518_31_H2,L1293,Yes,PV5c1,Output,Acetylcholine
134,12A,JRC_SS15303-20160309_31_A5,L90,Yes,PV5c1,Output,Acetylcholine
135,12A,JRC_SS03789-20151014_32_D8,L719,Yes,PV5c1,Output,Acetylcholine
136,12A,GMR_17B08_AV_01-20150619_32_D2,L90,Yes,PV5c1,Output,Acetylcholine
137,12A,JRC_SS16977-20160518_31_G2,L1293,Yes,PV5c1,Output,Acetylcholine
138,12A,JRC_SS15303-20160309_31_A6,L90,Yes,PV5c1,Output,Acetylcholine
139,12A,GMR_17B08_AV_01-20150619_32_D5,L90,Yes,PV5c1,Output,Acetylcholine
140,12A,JRC_SS03789-20151014_32_D5,L719,Yes,PV5c1,Output,Acetylcholine
141,12A,JRC_SS03789-20151014_32_D1,L719,Yes,PV5c1,Output,Acetylcholine
142,12A,JRC_SS16977-20160518_31_G3,L1293,Yes,PV5c1,Output,Acetylcholine
143,12A,GMR_17B08_AV_01-20150619_32_D4,L90,Yes,PV5c1,Output,Acetylcholine
144,12A,JRC_SS03789-20151014_32_D3,L719,Yes,PV5c1,Output,Acetylcholine
145,12B,JRC_SS04952-20150821_31_D4,L173,Yes,PV5c1,Output,Acetylcholine
146,12B,JRC_SS04953-20150929_33_D5,L1302,Yes,PV5c1,Output,Acetylcholine
147,12B,GMR_14B11_XD_01-20150626_32_A1,L62,Yes,PV5c1,Output,Acetylcholine
148,12B,JRC_SS04718-20151231_33_F2,L1296,Yes,PV5c1,Output,Acetylcholine
149,12B,GMR_14B11_XD_01-20150626_32_A3,L62,Yes,PV5c1,Output,Acetylcholine
150,12B,GMR_14B11_XD_01-20150626_32_A4,L62,Yes,PV5c1,Output,Acetylcholine
151,12B,JRC_SS04953-20150929_33_D2,L1302,Yes,PV5c1,Output,Acetylcholine
152,12B,JRC_SS04952-20150821_31_D8,L173,Yes,PV5c1,Output,Acetylcholine
153,12B,JRC_SS04718-20151231_33_F4,L1296,Yes,PV5c1,Output,Acetylcholine
154,12B,JRC_SS04718-20151231_33_F1,L1296,Yes,PV5c1,Output,Acetylcholine
155,12B,JRC_SS04953-20150929_33_D1,L1302,Yes,PV5c1,Output,Acetylcholine
156,12B,JRC_SS04953-20150929_33_D4,L1302,Yes,PV5c1,Output,Acetylcholine
157,12B,JRC_SS04953-20150929_33_D6,L1302,Yes,PV5c1,Output,Acetylcholine
158,12C,JRC_SS16036-20151231_33_D5,L807,Yes,PV5c2,Output,Acetylcholine
159,12C,JRC_SS16036-20151231_33_D1,L807,Yes,PV5c2,Output,Acetylcholine
160,12C,JRC_SS16036-20151231_33_D4,L807,Yes,PV5c2,Output,Acetylcholine
161,12C,JRC_SS16036-20151231_33_D2,L807,Yes,PV5c2,Output,Acetylcholine
162,138,JRC_SS04013-20160914_32_G2,L563,Yes,PV2a3,Output,"Acetylcholine, GABA"
163,138,JRC_SS23137-20161116_32_F1,L2109,Yes,PV2a3,Output,"Acetylcholine, GABA"
164,138,JRC_SS16353-20160923_31_I1,L1328,Yes,PV2a3,Output,"Acetylcholine, GABA"
165,138,JRC_SS23137-20161116_32_F2,L2109,Yes,PV2a3,Output,"Acetylcholine, GABA"
166,138,JRC_SS16353-20160923_31_I3,L1328,Yes,PV2a3,Output,"Acetylcholine, GABA"
167,138,JRC_SS23137-20161116_32_E2,L2109,Yes,PV2a3,Output,"Acetylcholine, GABA"
168,138,JRC_SS16353-20160923_31_H4,L1328,Yes,PV2a3,Output,"Acetylcholine, GABA"
172,139,JRC_SS15267-20160427_32_H3,L260,Yes,PV3b1,Input,Acetylcholine
173,139,JRC_SS15267-20160427_32_H2,L260,Yes,PV3b1,Input,Acetylcholine
174,139,JRC_SS15267-20160427_32_I3,L260,Yes,PV3b1,Input,Acetylcholine
175,139,JRC_SS15267-20160427_32_I5,L260,Yes,PV3b1,Input,Acetylcholine
176,139,JRC_SS15267-20160427_32_H1,L260,Yes,PV3b1,Input,Acetylcholine
177,141,JRC_SS04968-20150821_31_F3,L528,Yes,PV5k1,Output,Glutamate
178,141,JRC_SS03237-20151014_32_B1,L528,Yes,PV5k1,Output,Glutamate
179,141,JRC_SS03237-20151014_32_B6,L528,Yes,PV5k1,Output,Glutamate
180,141,JRC_SS04968-20150821_31_F1,L528,Yes,PV5k1,Output,Glutamate
181,141,JRC_SS04968-20150821_31_F4,L528,Yes,PV5k1,Output,Glutamate
182,141,GMR_SS00581-20150814_31_E4,SS00581,Yes,PV5k1,Output,Glutamate
183,141,JRC_SS04968-20150821_31_F7,L528,Yes,PV5k1,Output,Glutamate
184,141,JRC_SS04968-20150821_31_F6,L528,Yes,PV5k1,Output,Glutamate
185,141,JRC_SS03237-20151014_32_B3,L528,Yes,PV5k1,Output,Glutamate
186,141,GMR_SS00581-20150814_31_E6,SS00581,Yes,PV5k1,Output,Glutamate
194,143,GMR_MB583B-20150828_31_A2,MB583B,Yes,PV1a1,Input,"GABA, Dopamine  "
195,143,GMR_MB583B-20150828_31_A1,MB583B,Yes,PV1a1,Input,"GABA, Dopamine  "
196,143,GMR_MB583B-20150828_31_A6,MB583B,Yes,PV1a1,Input,"GABA, Dopamine  "
197,145,JRC_SS23107-20160629_31_F4,L2033,Yes,PV11a1,Input,GABA
198,145,JRC_SS23112-20160629_31_H1,L2041,Yes,PV11a1,Input,GABA
199,145,JRC_SS23107-20160629_31_F6,L2033,Yes,PV11a1,Input,GABA
200,145,JRC_SS23107-20160629_31_E6,L2033,Yes,PV11a1,Input,GABA
201,147,JRC_SS23097-20160629_31_C3,L2001,Yes,AV7a1,Output,"Acetylcholine, Glutamate"
202,147,JRC_SS23097-20160629_31_C1,L2001,Yes,AV7a1,Output,"Acetylcholine, Glutamate"
203,147,JRC_SS23114-20160629_32_A3,L2051,Yes,AV7a1,Output,"Acetylcholine, Glutamate"
204,147,JRC_SS23114-20160629_32_B3,L2051,Yes,AV7a1,Output,"Acetylcholine, Glutamate"
205,147,JRC_SS23114-20160629_32_B5,L2051,Yes,AV7a1,Output,"Acetylcholine, Glutamate"
206,147,JRC_SS23114-20160629_32_A1,L2051,Yes,AV7a1,Output,"Acetylcholine, Glutamate"
207,147,JRC_SS23097-20160629_31_D3,L2001,Yes,AV7a1,Output,"Acetylcholine, Glutamate"
208,147,JRC_SS23114-20160629_32_A2,L2051,Yes,AV7a1,Output,"Acetylcholine, Glutamate"
209,154,JRC_SS24172-20160824_31_C3,L2220,Yes,,Output,
210,154,JRC_SS24172-20160824_31_D1,L2220,Yes,,Output,
211,154,JRC_SS24172-20160824_31_D2,L2220,Yes,,Output,
212,16A,JRC_SS16659-20160923_32_C2,L494,Yes,AD1a2,Output,Acetylcholine
213,16A,JRC_SS04018-20160812_31_G4,L549,Yes,AD1a2,Output,Acetylcholine
214,16A,JRC_SS04018-20160812_31_G2,L549,Yes,AD1a2,Output,Acetylcholine
215,16A,GMR_SS01371-20150814_31_F1,SS01371,Yes,AD1a2,Output,Acetylcholine
216,16A,JRC_SS30939-20170425_32_E6,L475,Yes,AD1a2,Output,Acetylcholine
217,16A,JRC_SS30939-20170425_32_E1,L475,Yes,AD1a2,Output,Acetylcholine
218,16A,GMR_SS01371-20150814_31_F6,SS01371,Yes,AD1a2,Output,Acetylcholine
219,16A,JRC_SS04018-20160812_31_F2,L549,Yes,AD1a2,Output,Acetylcholine
220,16A,JRC_SS30939-20170425_32_F3,L475,Yes,AD1a2,Output,Acetylcholine
221,16A,GMR_SS01371-20150814_31_F4,SS01371,Yes,AD1a2,Output,Acetylcholine
222,16A,JRC_SS22613-20160621_33_G3,L1395,Yes,AD1a2,Output,Acetylcholine
223,16A,JRC_SS22613-20160621_33_G4,L1395,Yes,AD1a2,Output,Acetylcholine
224,16A,JRC_SS16659-20160923_32_C5,L494,Yes,AD1a2,Output,Acetylcholine
225,16A,JRC_SS22613-20160621_33_G5,L1395,Yes,AD1a2,Output,Acetylcholine
226,16A,JRC_SS22613-20160621_33_G2,L1395,Yes,AD1a2,Output,Acetylcholine
227,16B,JRC_SS22646-20170103_33_H1,L1538,Yes,AD1b2,Output,Acetylcholine
228,16B,JRC_SS22646-20170103_33_H4,L1538,Yes,AD1b2,Output,Acetylcholine
229,16B,JRC_SS24645-20170214_32_E3,L2278,Yes,AD1b2,Output,Acetylcholine
230,16B,JRC_SS22647-20161116_32_D4,L1539,Yes,AD1b2,Output,Acetylcholine
231,16B,JRC_SS22646-20170103_33_H2,L1538,Yes,AD1b2,Output,Acetylcholine
232,16B,JRC_SS22647-20161116_32_D3,L1539,Yes,AD1b2,Output,Acetylcholine
233,16B,JRC_SS22647-20161116_32_D2,L1539,Yes,AD1b2,Output,Acetylcholine
234,16C,JRC_SS22713-20160622_32_J4,L1721,Yes,AD1a7,Output,Acetylcholine
235,16C,JRC_SS22713-20160622_32_J2,L1721,Yes,AD1a7,Output,Acetylcholine
236,16C,JRC_SS22713-20160622_32_I1,L1721,Yes,AD1a7,Output,Acetylcholine
237,16C,JRC_SS22713-20160622_32_I4,L1721,Yes,AD1a7,Output,Acetylcholine
238,16C,JRC_SS22713-20160622_32_I3,L1721,Yes,AD1a7,Output,Acetylcholine
239,16C,JRC_SS22713-20160622_32_J1,L1721,Yes,AD1a7,Output,Acetylcholine
240,16D,JRC_SS22730-20170425_31_B4,L1812,Yes,AD1a5,Output,Acetylcholine
241,16D,JRC_SS22377-20160622_32_D4,L1740,Yes,AD1a5,Output,Acetylcholine
242,16D,JRC_SS22377-20160622_32_D2,L1740,Yes,AD1a5,Output,Acetylcholine
243,16D,JRC_SS22377-20160622_32_C4,L1740,Yes,AD1a5,Output,Acetylcholine
244,16D,JRC_SS22377-20160622_32_D6,L1740,Yes,AD1a5,Output,Acetylcholine
245,16D,JRC_SS22730-20170425_31_B2,L1812,Yes,AD1a5,Output,Acetylcholine
246,16D,JRC_SS22730-20170425_31_A4,L1812,Yes,AD1a5,Output,Acetylcholine
247,16F,JRC_SS22675-20160622_32_G4,L1614,Yes,AD1c1,Output,Acetylcholine
248,16F,JRC_SS22675-20160622_32_G1,L1614,Yes,AD1c1,Output,Acetylcholine
249,16F,JRC_SS22675-20160622_32_F1,L1614,Yes,AD1c1,Output,Acetylcholine
250,17A,JRC_SS03799-20151014_32_F3,L1543,Yes,AV1a3,Input,"Acetylcholine, GABA"
251,17A,JRC_SS03799-20151014_32_F5,L1543,Yes,AV1a3,Input,"Acetylcholine, GABA"
252,17A,JRC_SS03799-20151014_32_F6,L1543,Yes,AV1a3,Input,"Acetylcholine, GABA"
253,17A,JRC_SS03799-20151014_32_F4,L1543,Yes,AV1a3,Input,"Acetylcholine, GABA"
254,17C,JRC_SS03800-20151111_32_E4,L1570,Yes,AV1a1,Output,Acetylcholine
255,17C,JRC_SS03800-20151111_32_E5,L1570,Yes,AV1a1,Output,Acetylcholine
256,17C,JRC_SS16373-20160518_31_F3,L1358,Yes,AV1a1,Output,Acetylcholine
257,17C,JRC_SS16373-20160518_31_E4,L1358,Yes,AV1a1,Output,Acetylcholine
258,17C,JRC_SS04971-20150821_31_I1,L728,Yes,AV1a1,Output,Acetylcholine
259,17C,JRC_SS03800-20151111_32_E2,L1570,Yes,AV1a1,Output,Acetylcholine
260,17C,JRC_SS16373-20160518_31_F1,L1358,Yes,AV1a1,Output,Acetylcholine
261,17C,JRC_SS16373-20160518_31_E1,L1358,Yes,AV1a1,Output,Acetylcholine
262,17C,JRC_SS16373-20160518_31_E3,L1358,Yes,AV1a1,Output,Acetylcholine
263,1A,JRC_SS16979-20151231_33_H2,L412,Yes,AV4b9,Output,GABA
264,1A,JRC_SS16979-20151231_33_H5,L412,Yes,AV4b9,Output,GABA
265,1A,JRC_SS04016-20160602_31_G3,L416,Yes,AV4b9,Output,GABA
266,1A,JRC_SS16979-20151231_33_H1,L412,Yes,AV4b9,Output,GABA
267,1A,GMR_SS00601-20130123_33_B1,SS00601,Yes,AV4b9,Output,GABA
268,1A,JRC_SS23129-20170425_31_F2,L2098,Yes,AV4b9,Output,GABA
269,1A,JRC_SS04016-20151007_31_G2,L416,Yes,AV4b9,Output,GABA
270,1A,JRC_SS04016-20160602_31_G4,L416,Yes,AV4b9,Output,GABA
271,1A,JRC_SS04016-20151007_31_G3,L416,Yes,AV4b9,Output,GABA
272,1A,JRC_SS16979-20151231_33_H4,L412,Yes,AV4b9,Output,GABA
273,1A,JRC_SS23129-20170425_31_E4,L2098,Yes,AV4b9,Output,GABA
274,1A,JRC_SS23129-20170425_31_E2,L2098,Yes,AV4b9,Output,GABA
275,1A,JRC_SS23129-20170425_31_E6,L2098,Yes,AV4b9,Output,GABA
276,1A,JRC_SS16056-20160504_31_D1,L1045,Yes,AV4b9,Output,GABA
277,1B,JRC_SS04028-20160602_31_I5,L420,Yes,AV4a3,Local,GABA
278,1B,GMR_34G01_XD_01-20150626_32_F1,L240,Yes,AV4a3,Local,GABA
279,1B,JRC_SS16786-20151202_33_I3,L1046,Yes,AV4a3,Local,GABA
280,1B,GMR_34G01_XD_01-20150626_32_F6,L240,Yes,AV4a3,Local,GABA
281,1B,GMR_34G01_XD_01-20150626_32_F3,L240,Yes,AV4a3,Local,GABA
282,1B,JRC_SS04028-20160602_31_J5,L420,Yes,AV4a3,Local,GABA
283,1B,JRC_SS04028-20160602_31_J6,L420,Yes,AV4a3,Local,GABA
284,1B,JRC_SS16786-20151202_33_I1,L1046,Yes,AV4a3,Local,GABA
285,1B,JRC_SS16580-20151202_33_D1,L117,Yes,AV4a3,Local,GABA
286,1B,GMR_34G01_XD_01-20150626_32_F2,L240,Yes,AV4a3,Local,GABA
287,1B,JRC_SS04028-20160602_31_I3,L420,Yes,AV4a3,Local,GABA
288,1B,JRC_SS04958-20150929_33_G1,L421,Yes,AV4a3,Local,GABA
289,1B,JRC_SS03780-20160602_31_C5,L580,Yes,AV4a3,Local,GABA
290,1B,JRC_SS04720-20160812_31_D2,L248,Yes,AV4a3,Local,GABA
291,1B,JRC_SS03780-20160602_31_C3,L580,Yes,AV4a3,Local,GABA
292,1B,JRC_SS16786-20151202_33_I2,L1046,Yes,AV4a3,Local,GABA
293,1B,JRC_SS16661-20160525_31_J3,L247,Yes,AV4a3,Local,GABA
294,1B,JRC_SS03780-20160602_31_D2,L580,Yes,AV4a3,Local,GABA
295,1B,JRC_SS04041-20160812_31_H6,L248,Yes,AV4a3,Local,GABA
296,1B,JRC_SS04041-20160812_31_I1,L248,Yes,AV4a3,Local,GABA
297,1B,JRC_SS04041-20160812_31_H4,L248,Yes,AV4a3,Local,GABA
298,1B,JRC_SS16661-20160525_31_I3,L247,Yes,AV4a3,Local,GABA
299,1B,JRC_SS16661-20160525_31_J1,L247,Yes,AV4a3,Local,GABA
300,1B,JRC_SS04041-20160812_31_H3,L248,Yes,AV4a3,Local,GABA
301,1B,JRC_SS16661-20160525_31_J2,L247,Yes,AV4a3,Local,GABA
302,1B,JRC_SS04028-20151007_31_H2,L420,Yes,AV4a3,Local,GABA
303,1B,JRC_SS16580-20151202_33_D2,L117,Yes,AV4a3,Local,GABA
304,1B,JRC_SS04028-20151007_31_H4,L420,Yes,AV4a3,Local,GABA
305,1B,JRC_SS04958-20150929_33_G3,L421,Yes,AV4a3,Local,GABA
306,1B,JRC_SS03780-20160602_31_C4,L580,Yes,AV4a3,Local,GABA
307,1B,JRC_SS16580-20151202_33_D3,L117,Yes,AV4a3,Local,GABA
308,1B,JRC_SS16661-20160525_31_I2,L247,Yes,AV4a3,Local,GABA
309,1B,JRC_SS04958-20150929_33_G2,L421,Yes,AV4a3,Local,GABA
310,1C,GMR_30E03_XD_01-20150706_31_B4,L180,Yes,,Output,GABA
311,1C,GMR_30E03_XD_01-20150706_31_B6,L180,Yes,,Output,GABA
312,1C,GMR_30E03_XD_01-20150706_31_B5,L180,Yes,,Output,GABA
313,1D,JRC_SS16038-20151111_32_D3,L788,Yes,AV4a2,Local,GABA
314,1D,JRC_SS16038-20170214_31_B4,L788,Yes,AV4a2,Local,GABA
315,1D,JRC_SS16038-20170411_31_C3,L788,Yes,AV4a2,Local,GABA
316,1D,JRC_SS16038-20170214_31_A6,L788,Yes,AV4a2,Local,GABA
317,1D,JRC_SS16038-20170214_31_A2,L788,Yes,AV4a2,Local,GABA
318,1D,JRC_SS16038-20170411_31_C1,L788,Yes,AV4a2,Local,GABA
319,1D,JRC_SS16038-20151111_32_D2,L788,Yes,AV4a2,Local,GABA
320,1D,JRC_SS16038-20170214_31_B1,L788,Yes,AV4a2,Local,GABA
321,1D,JRC_SS16038-20170411_31_D5,L788,Yes,AV4a2,Local,GABA
322,1E,JRC_SS04965-20160525_31_C2,L283,Yes,AV4b1,Local,GABA
323,1E,JRC_SS04965-20160525_31_D2,L283,Yes,AV4b1,Local,GABA
324,1E,JRC_SS04965-20150821_31_J1,L283,Yes,AV4b1,Local,GABA
325,1E,JRC_SS04965-20160525_31_C3,L283,Yes,AV4b1,Local,GABA
326,1E,JRC_SS04965-20151111_32_A1,L283,Yes,AV4b1,Local,GABA
327,1E,JRC_SS04965-20150821_31_J3,L283,Yes,AV4b1,Local,GABA
328,1E,JRC_SS04965-20160525_31_D3,L283,Yes,AV4b1,Local,GABA
329,1E,JRC_SS04965-20151111_32_A3,L283,Yes,AV4b1,Local,GABA
330,1E,JRC_SS04965-20150821_31_J2,L283,Yes,AV4b1,Local,GABA
331,1E,JRC_SS04965-20151111_32_A2,L283,Yes,AV4b1,Local,GABA
332,1G,JRC_SS16583-20160525_31_G1,L191,Yes,AV4b7,Output,GABA
333,1G,JRC_SS16583-20160525_31_H1,L191,Yes,AV4b7,Output,GABA
334,1G,JRC_SS16583-20160525_31_G3,L191,Yes,AV4b7,Output,GABA
335,1H,JRC_SS04973-20150828_31_B1,L1479,Yes,AV4a1,Output,GABA
336,1H,JRC_SS04973-20160518_31_A3,L1479,Yes,AV4a1,Output,GABA
337,1H,JRC_SS04973-20150828_31_B3,L1479,Yes,AV4a1,Output,GABA
338,1H,JRC_SS04973-20160518_31_B4,L1479,Yes,AV4a1,Output,GABA
339,1H,JRC_SS04973-20160518_31_A4,L1479,Yes,AV4a1,Output,GABA
340,1H,JRC_SS04973-20160518_31_A2,L1479,Yes,AV4a1,Output,GABA
341,2,GMR_SS00502-20150814_31_I7,SS00502,Yes,,Input,Acetylcholine
342,2,GMR_SS00502-20150814_31_I8,SS00502,Yes,,Input,Acetylcholine
343,2,GMR_SS00502-20150814_31_I4,SS00502,Yes,,Input,Acetylcholine
344,2,GMR_SS00502-20150814_31_I1,SS00502,Yes,,Input,Acetylcholine
345,2,GMR_SS00502-20150814_31_I6,SS00502,Yes,,Input,Acetylcholine
346,27A,JRC_SS22737-20170411_31_J1,L629,Yes,AV2a1,Output,"Acetylcholine, GABA"
347,27A,JRC_SS22737-20170104_33_A1,L629,Yes,AV2a1,Output,"Acetylcholine, GABA"
348,27A,JRC_SS22737-20170104_33_B1,L629,Yes,AV2a1,Output,"Acetylcholine, GABA"
349,27A,JRC_SS16364-20151202_33_H1,L907,Yes,AV2a1,Output,"Acetylcholine, GABA"
350,27A,JRC_SS22737-20170104_33_C2,L629,Yes,AV2a1,Output,"Acetylcholine, GABA"
351,27A,JRC_SS22737-20170104_33_B3,L629,Yes,AV2a1,Output,"Acetylcholine, GABA"
352,27A,JRC_SS22737-20170411_31_I1,L629,Yes,AV2a1,Output,"Acetylcholine, GABA"
353,27C,JRC_SS22532-20160928_31_C3,L1000,Yes,,Output,GABA
354,27C,JRC_SS22532-20160928_31_D4,L1000,Yes,,Output,GABA
355,27C,JRC_SS22532-20160928_31_D1,L1000,Yes,,Output,GABA
356,27C,GMR_47B03_AV_01-20150626_32_I4,L325,Yes,,Output,GABA
357,27C,GMR_47B03_AV_01-20150626_32_I3,L325,Yes,,Output,GABA
358,27C,GMR_47B03_AV_01-20150626_32_I1,L325,Yes,,Output,GABA
359,27C,JRC_SS22532-20160928_31_C1,L1000,Yes,,Output,GABA
360,27C,JRC_SS22532-20160928_31_C2,L1000,Yes,,Output,GABA
361,29B,JRC_SS15286-20160422_31_B1,L97,Yes,PV4d4,Output,Acetylcholine
362,29B,JRC_SS23170-20161116_31_C5,L2185,Yes,PV4d4,Output,Acetylcholine
363,29B,JRC_SS24679-20161116_31_F2,L2193,Yes,PV4d4,Output,Acetylcholine
364,29B,JRC_SS24679-20161116_31_E1,L2193,Yes,PV4d4,Output,Acetylcholine
365,29B,JRC_SS16571-20160504_31_B2,L102,Yes,PV4d4,Output,Acetylcholine
366,29B,JRC_SS23170-20161116_31_C1,L2185,Yes,PV4d4,Output,Acetylcholine
367,29B,JRC_SS15286-20160422_31_B2,L97,Yes,PV4d4,Output,Acetylcholine
368,29B,JRC_SS23170-20161116_31_D3,L2185,Yes,PV4d4,Output,Acetylcholine
369,29B,JRC_SS24679-20161116_31_F1,L2193,Yes,PV4d4,Output,Acetylcholine
370,29B,JRC_SS15286-20160422_31_B3,L97,Yes,PV4d4,Output,Acetylcholine
371,29B,JRC_SS23170-20161116_31_D2,L2185,Yes,PV4d4,Output,Acetylcholine
372,29B,JRC_SS23170-20160622_31_F5,L2185,Yes,PV4d4,Output,Acetylcholine
373,29B,JRC_SS15286-20160422_31_A2,L97,Yes,PV4d4,Output,Acetylcholine
374,29B,JRC_SS23170-20161116_31_D4,L2185,Yes,PV4d4,Output,Acetylcholine
375,29B,JRC_SS15286-20160422_31_A3,L97,Yes,PV4d4,Output,Acetylcholine
376,29B,JRC_SS24679-20161116_31_E4,L2193,Yes,PV4d4,Output,Acetylcholine
377,29B,JRC_SS23170-20160622_31_F4,L2185,Yes,PV4d4,Output,Acetylcholine
378,29B,JRC_SS16571-20160504_31_B1,L102,Yes,PV4d4,Output,Acetylcholine
379,29B,JRC_SS15286-20160422_31_A4,L97,Yes,PV4d4,Output,Acetylcholine
380,29B,JRC_SS23170-20161116_31_C4,L2185,Yes,PV4d4,Output,Acetylcholine
381,29B,JRC_SS23170-20160622_31_F3,L2185,Yes,PV4d4,Output,Acetylcholine
382,29C,JRC_SS03226-20161116_31_B2,L188,Yes,PV4d1,Output,Acetylcholine
383,29C,JRC_SS15249-20160427_32_E4,L185,Yes,PV4d1,Output,Acetylcholine
384,29C,JRC_SS15249-20160427_32_E2,L185,Yes,PV4d1,Output,Acetylcholine
385,29C,JRC_SS03226-20160427_32_G3,L188,Yes,PV4d1,Output,Acetylcholine
386,29C,JRC_SS15249-20160427_32_E3,L185,Yes,PV4d1,Output,Acetylcholine
387,29C,JRC_SS03226-20160427_32_F1,L188,Yes,PV4d1,Output,Acetylcholine
388,29C,JRC_SS03226-20160309_31_C4,L188,Yes,PV4d1,Output,Acetylcholine
389,29D,JRC_SS25835-20161005_32_D5,L883,Yes,PV4d5,Output,Glutamate
390,29D,JRC_SS25835-20161005_32_C3,L883,Yes,PV4d5,Output,Glutamate
394,29E,JRC_SS03773-20160415_31_H1,L1828,Yes,PV4b1,Output,Glutamate
395,29E,JRC_SS03773-20160415_31_G2,L1828,Yes,PV4b1,Output,Glutamate
396,29E,JRC_SS03773-20160415_31_G3,L1828,Yes,PV4b1,Output,Glutamate
397,29E,JRC_SS03773-20160415_31_G1,L1828,Yes,PV4b1,Output,Glutamate
398,29E,JRC_SS22732-20170214_31_C2,L1827,Yes,PV4b1,Output,Glutamate
399,29E,JRC_SS22732-20170214_31_C1,L1827,Yes,PV4b1,Output,Glutamate
400,29E,JRC_SS22732-20170214_31_D3,L1827,Yes,PV4b1,Output,Glutamate
401,29E,JRC_SS03773-20160415_31_H2,L1828,Yes,PV4b1,Output,Glutamate
402,29E,JRC_SS03773-20160415_31_H3,L1828,Yes,PV4b1,Output,Glutamate
403,29G,JRC_SS16027-20151231_33_C1,L1397,Yes,PV4c2,Output,Glutamate
404,29G,JRC_SS23354-20170104_33_D2,L1959,Yes,PV4c2,Output,Glutamate
405,29G,JRC_SS16027-20170103_33_C3,L1397,Yes,PV4c2,Output,Glutamate
406,29G,JRC_SS23354-20170104_33_D4,L1959,Yes,PV4c2,Output,Glutamate
407,29G,JRC_SS23354-20170104_33_E3,L1959,Yes,PV4c2,Output,Glutamate
408,29G,JRC_SS16027-20170103_33_E1,L1397,Yes,PV4c2,Output,Glutamate
409,29G,JRC_SS16027-20170103_33_C1,L1397,Yes,PV4c2,Output,Glutamate
410,29G,JRC_SS16027-20170103_33_C5,L1397,Yes,PV4c2,Output,Glutamate
411,29G,JRC_SS16027-20170103_33_D1,L1397,Yes,PV4c2,Output,Glutamate
412,29G,JRC_SS16027-20170103_33_D3,L1397,Yes,PV4c2,Output,Glutamate
413,29G,JRC_SS23354-20160824_31_F5,L1959,Yes,PV4c2,Output,Glutamate
414,3A,GMR_53B06_AV_01-20150619_32_I1,L378,Yes,PV5a1,Output,Acetylcholine
415,3A,GMR_SS00504-20150814_31_J7,SS00504,Yes,PV5a1,Output,Acetylcholine
416,3A,JRC_SS05085-20160427_31_F1,L200,Yes,PV5a1,Output,Acetylcholine
417,3A,JRC_SS15293-20160309_31_G3,L166,Yes,PV5a1,Output,Acetylcholine
418,3A,GMR_SS00502-20151014_32_A7,SS00504,Yes,PV5a1,Output,Acetylcholine
419,3A,JRC_SS05085-20160427_31_E3,L200,Yes,PV5a1,Output,Acetylcholine
420,3A,GMR_53B06_AV_01-20150619_32_I3,L378,Yes,PV5a1,Output,Acetylcholine
421,3A,GMR_SS00504-20150814_31_J6,SS00504,Yes,PV5a1,Output,Acetylcholine
422,3A,GMR_SS00504-20150814_31_J1,SS00504,Yes,PV5a1,Output,Acetylcholine
423,3A,GMR_SS00502-20151014_32_A1,SS00504,Yes,PV5a1,Output,Acetylcholine
424,3A,GMR_53B06_AV_01-20150619_32_I2,L378,Yes,PV5a1,Output,Acetylcholine
425,3A,GMR_SS00502-20151014_32_A3,SS00504,Yes,PV5a1,Output,Acetylcholine
426,3B,JRC_SS15296-20160309_31_E4,L168,Yes,PV5b2,Output,Acetylcholine
427,3B,JRC_SS16787-20151231_33_G4,L803,Yes,PV5b2,Output,Acetylcholine
428,3B,JRC_SS15296-20160427_31_C3,L168,Yes,PV5b2,Output,Acetylcholine
429,3B,JRC_SS15296-20160427_31_C2,L168,Yes,PV5b2,Output,Acetylcholine
430,3B,JRC_SS16787-20151231_33_G2,L803,Yes,PV5b2,Output,Acetylcholine
431,3B,JRC_SS15296-20160427_31_D4,L168,Yes,PV5b2,Output,Acetylcholine
432,3B,JRC_SS15299-20160309_31_F2,L170,Yes,PV5b2,Output,Acetylcholine
433,3B,JRC_SS15299-20160309_31_F4,L170,Yes,PV5b2,Output,Acetylcholine
434,3B,JRC_SS16980-20151231_33_I5,L1295,Yes,PV5b2,Output,Acetylcholine
435,3B,JRC_SS15296-20160427_31_C6,L168,Yes,PV5b2,Output,Acetylcholine
436,3B,JRC_SS15296-20160309_31_E3,L168,Yes,PV5b2,Output,Acetylcholine
437,3B,JRC_SS15296-20160427_31_D3,L168,Yes,PV5b2,Output,Acetylcholine
438,3B,JRC_SS15296-20160427_31_D1,L168,Yes,PV5b2,Output,Acetylcholine
439,3B,JRC_SS16980-20151231_33_I3,L1295,Yes,PV5b2,Output,Acetylcholine
440,3B,GMR_25B07_AV_01-20150706_31_F5,L168,Yes,PV5b2,Output,Acetylcholine
441,3B,JRC_SS16980-20151231_33_I2,L1295,Yes,PV5b2,Output,Acetylcholine
442,3C,GMR_MB036B-20160415_31_I1,MB036B,Yes,PV5b1,Output,Acetylcholine
443,3C,GMR_MB036B-20160415_31_I2,MB036B,Yes,PV5b1,Output,Acetylcholine
444,3C,GMR_MB036B-20160415_31_J1,MB036B,Yes,PV5b1,Output,Acetylcholine
445,3C,GMR_MB036B-20160415_31_J2,MB036B,Yes,PV5b1,Output,Acetylcholine
446,3C,GMR_MB036B-20160415_31_I3,MB036B,Yes,PV5b1,Output,Acetylcholine
447,3D,JRC_SS03224-20160415_31_B1,L163,Yes,PV5a4,Output,Acetylcholine
448,3D,JRC_SS03224-20160415_31_B2,L163,Yes,PV5a4,Output,Acetylcholine
449,3D,JRC_SS03224-20160415_31_A2,L163,Yes,PV5a4,Output,Acetylcholine
450,3D,JRC_SS04951-20150929_33_B4,L123,Yes,PV5a4,Output,Acetylcholine
451,3D,JRC_SS04951-20150929_33_B1,L123,Yes,PV5a4,Output,Acetylcholine
452,3E,JRC_SS15112-20160622_32_A4,L374,Yes,PV5g3,Output,Acetylcholine
453,3E,JRC_SS15112-20160622_32_B2,L374,Yes,PV5g3,Output,Acetylcholine
454,3E,JRC_SS15112-20160622_32_A2,L374,Yes,PV5g3,Output,Acetylcholine
455,3F,JRC_SS04948-20150828_31_F7,L849,Yes,PV5h1,Output,Acetylcholine
456,3F,JRC_SS03232-20151007_31_J4,L433,Yes,PV5h1,Output,Acetylcholine
457,3F,JRC_SS03232-20151007_31_J2,L433,Yes,PV5h1,Output,Acetylcholine
458,3F,JRC_SS04948-20150828_31_F3,L849,Yes,PV5h1,Output,Acetylcholine
459,3F,JRC_SS03232-20151007_31_J1,L433,Yes,PV5h1,Output,Acetylcholine
460,3F,JRC_SS04948-20150828_31_F1,L849,Yes,PV5h1,Output,Acetylcholine
461,4A,JRC_SS04964-20150821_31_H1,L784,Yes,PV4a3,Local,Glutamate
462,4A,JRC_SS04964-20150821_31_H2,L784,Yes,PV4a3,Local,Glutamate
463,4A,JRC_SS16313-20151202_33_G3,L1196,Yes,PV4a3,Local,Glutamate
464,4A,GMR_34E07_AV_01-20150626_32_G2,L234,Yes,PV4a3,Local,Glutamate
465,4A,GMR_34E07_AV_01-20150626_32_G3,L234,Yes,PV4a3,Local,Glutamate
466,4A,JRC_SS16060-20160504_31_H2,L954,Yes,PV4a3,Local,Glutamate
467,4A,JRC_SS04974-20150828_31_G1,L1475,Yes,PV4a3,Local,Glutamate
468,4A,GMR_34E07_AV_01-20150626_32_G6,L234,Yes,PV4a3,Local,Glutamate
469,4A,JRC_SS16060-20160504_31_H3,L954,Yes,PV4a3,Local,Glutamate
470,4A,GMR_34E07_AV_01-20150626_32_G1,L234,Yes,PV4a3,Local,Glutamate
471,4A,JRC_SS22337-20161005_32_B4,L1049,Yes,PV4a3,Local,Glutamate
472,4A,JRC_SS04967-20150828_31_H3,L1467,Yes,PV4a3,Local,Glutamate
473,4A,GMR_34E07_AV_01-20150626_32_G4,L234,Yes,PV4a3,Local,Glutamate
474,4A,JRC_SS04974-20150828_31_G5,L1475,Yes,PV4a3,Local,Glutamate
475,4A,JRC_SS16060-20160504_31_G3,L954,Yes,PV4a3,Local,Glutamate
476,4A,JRC_SS16060-20160504_31_H1,L954,Yes,PV4a3,Local,Glutamate
477,4A,JRC_SS04970-20151014_33_A3,L1735,Yes,PV4a3,Local,Glutamate
478,4A,JRC_SS04967-20151202_33_C3,L1467,Yes,PV4a3,Local,Glutamate
479,4A,JRC_SS15302-20151202_33_E3,L235,Yes,PV4a3,Local,Glutamate
480,4A,JRC_SS03663-20160923_32_G6,L15,Yes,PV4a3,Local,Glutamate
481,4A,JRC_SS16313-20151202_33_G1,L1196,Yes,PV4a3,Local,Glutamate
482,4A,JRC_SS16060-20151111_32_C3,L954,Yes,PV4a3,Local,Glutamate
483,4A,JRC_SS16313-20151202_33_G2,L1196,Yes,PV4a3,Local,Glutamate
484,4A,JRC_SS16060-20160504_31_G2,L954,Yes,PV4a3,Local,Glutamate
485,4A,JRC_SS22337-20161005_32_B3,L1049,Yes,PV4a3,Local,Glutamate
486,4A,JRC_SS04970-20151014_33_A1,L1735,Yes,PV4a3,Local,Glutamate
487,4A,JRC_SS16060-20151111_32_C2,L954,Yes,PV4a3,Local,Glutamate
488,4A,JRC_SS16345-20160518_31_C2,L1473,Yes,PV4a3,Local,Glutamate
489,4A,JRC_SS22337-20161005_32_B1,L1049,Yes,PV4a3,Local,Glutamate
490,4A,JRC_SS04970-20151014_33_A5,L1735,Yes,PV4a3,Local,Glutamate
491,4A,JRC_SS03802-20160415_31_C1,L784,Yes,PV4a3,Local,Glutamate
492,4A,JRC_SS16345-20160518_31_D4,L1473,Yes,PV4a3,Local,Glutamate
493,4A,JRC_SS04970-20151014_33_A6,L1735,Yes,PV4a3,Local,Glutamate
494,4A,JRC_SS16345-20160518_31_C3,L1473,Yes,PV4a3,Local,Glutamate
495,4A,JRC_SS16060-20151111_32_C4,L954,Yes,PV4a3,Local,Glutamate
496,4E,JRC_SS23187-20160622_31_G3,L2233,Yes,PV4d1,Output,Glutamate
497,4E,JRC_SS23187-20160622_31_G4,L2233,Yes,PV4d1,Output,Glutamate
498,4E,JRC_SS24146-20160824_31_G1,L2170,Yes,PV4d1,Output,Glutamate
499,4E,JRC_SS23187-20160622_31_G2,L2233,Yes,PV4d1,Output,Glutamate
500,4E,JRC_SS23187-20160622_31_H3,L2233,Yes,PV4d1,Output,Glutamate
501,4G,JRC_SS23807-20160812_32_A6,L1850,Yes,PV4a8,Local,Glutamate
502,4G,JRC_SS23807-20160812_32_A3,L1850,Yes,PV4a8,Local,Glutamate
503,4G,JRC_SS23807-20160812_32_A2,L1850,Yes,PV4a8,Local,Glutamate
504,4I,JRC_SS04957-20150828_31_E1,L1197,Yes,PV4a2,Local,Glutamate
505,4I,JRC_SS04957-20160415_31_E3,L1197,Yes,PV4a2,Local,Glutamate
506,4I,JRC_SS04957-20160415_31_F2,L1197,Yes,PV4a2,Local,Glutamate
507,4I,JRC_SS04957-20160415_31_F1,L1197,Yes,PV4a2,Local,Glutamate
508,4I,JRC_SS04957-20150828_31_E6,L1197,Yes,PV4a2,Local,Glutamate
509,51B,JRC_SS15297-20160422_31_G2,L85,Yes,PV2e1,Input,GABA
510,51B,JRC_SS15297-20160422_31_F3,L85,Yes,PV2e1,Input,GABA
511,51B,JRC_SS15297-20160309_31_J4,L85,Yes,PV2e1,Input,GABA
512,51B,JRC_SS15297-20160422_31_G1,L85,Yes,PV2e1,Input,GABA
513,51B,JRC_SS15297-20160422_31_G3,L85,Yes,PV2e1,Input,GABA
514,51B,GMR_16H04_AV_01-20150619_32_B3,L85,Yes,PV2e1,Input,GABA
515,51B,GMR_16H04_AV_01-20150619_32_B1,L85,Yes,PV2e1,Input,GABA
516,51B,JRC_SS15297-20160422_31_G4,L85,Yes,PV2e1,Input,GABA
517,51B,JRC_SS15297-20160422_31_F1,L85,Yes,PV2e1,Input,GABA
518,51B,JRC_SS15297-20160422_31_F2,L85,Yes,PV2e1,Input,GABA
519,51C,JRC_SS15300-20160914_32_C1,L279,Yes,,Input,"Acetylcholine, GABA"
520,51C,GMR_SS00637-20130124_31_D4,SS00637,Yes,,Input,"Acetylcholine, GABA"
521,51C,GMR_41H09_AV_01-20150626_32_D1,L279,Yes,,Input,"Acetylcholine, GABA"
522,51C,JRC_SS15300-20160525_31_F3,L279,Yes,,Input,"Acetylcholine, GABA"
523,51C,JRC_SS15300-20160914_32_D3,L279,Yes,,Input,"Acetylcholine, GABA"
524,51C,JRC_SS15300-20160525_31_F1,L279,Yes,,Input,"Acetylcholine, GABA"
525,51C,JRC_SS15300-20160525_31_E1,L279,Yes,,Input,"Acetylcholine, GABA"
526,51C,JRC_SS15300-20160525_31_E2,L279,Yes,,Input,"Acetylcholine, GABA"
527,54A,JRC_SS03238-20151007_31_I1,L544,Yes,PV2a1,Local,GABA
528,54A,GMR_21D06_AV_01-20150619_32_F3,L135,Yes,PV2a1,Local,GABA
529,54A,JRC_SS15305-20160422_32_A1,L86,Yes,PV2a1,Local,GABA
530,54A,JRC_SS15305-20160422_32_B2,L86,Yes,PV2a1,Local,GABA
531,54A,JRC_SS04955-20150821_31_B1,L258,Yes,PV2a1,Local,GABA
532,54A,GMR_21D06_AV_01-20150619_32_F1,L135,Yes,PV2a1,Local,GABA
533,54A,JRC_SS15285-20160309_31_I4,L259,Yes,PV2a1,Local,GABA
534,54A,GMR_21D06_AV_01-20150619_32_F2,L135,Yes,PV2a1,Local,GABA
535,54A,JRC_SS04955-20150821_31_B5,L258,Yes,PV2a1,Local,GABA
536,54A,JRC_SS04955-20150821_31_B8,L258,Yes,PV2a1,Local,GABA
537,54A,GMR_16H04_AV_01-20150619_32_C1,L86,Yes,PV2a1,Local,GABA
538,54A,JRC_SS15305-20160422_32_B3,L86,Yes,PV2a1,Local,GABA
539,54A,JRC_SS03238-20151007_31_I3,L544,Yes,PV2a1,Local,GABA
540,54A,GMR_16H04_AV_01-20150619_32_C3,L86,Yes,PV2a1,Local,GABA
541,54A,JRC_SS03238-20151007_31_I2,L544,Yes,PV2a1,Local,GABA
542,54A,JRC_SS15305-20160422_32_B4,L86,Yes,PV2a1,Local,GABA
543,54A,JRC_SS03238-20151007_31_I4,L544,Yes,PV2a1,Local,GABA
544,54B,JRC_SS23346-20170425_32_A4,L1965,Yes,,,GABA
545,54B,JRC_SS23346-20170425_32_B6,L1965,Yes,,,GABA
546,54B,JRC_SS23346-20170425_32_B5,L1965,Yes,,,GABA
552,54C,JRC_SS23087-20160621_33_I4,L1925,Yes,PV2b1,Output,GABA
553,54C,JRC_SS23087-20160621_33_H4,L1925,Yes,PV2b1,Output,GABA
554,54C,JRC_SS23087-20160621_33_I2,L1925,Yes,PV2b1,Output,GABA
555,54C,JRC_SS23369-20170425_32_C5,L1899,Yes,PV2b1,Output,GABA
556,54C,JRC_SS23087-20160621_33_I1,L1925,Yes,PV2b1,Output,GABA
557,54C,JRC_SS23087-20160621_33_H1,L1925,Yes,PV2b1,Output,GABA
558,54C,JRC_SS23087-20160621_33_H2,L1925,Yes,PV2b1,Output,GABA
559,70A,JRC_SS03801-20151111_32_F4,L1518,Yes,WED-PN3,Input,GABA
560,70A,JRC_SS03801-20151111_32_F3,L1518,Yes,WED-PN3,Input,GABA
561,70A,JRC_SS03791-20160525_31_A1,L1668,Yes,WED-PN3,Input,GABA
562,70A,JRC_SS03791-20160525_31_B2,L1668,Yes,WED-PN3,Input,GABA
563,70A,JRC_SS03791-20160525_31_B1,L1668,Yes,WED-PN3,Input,GABA
564,70A,JRC_SS03801-20151111_32_F5,L1518,Yes,WED-PN3,Input,GABA
568,70B,JRC_SS04962-20151111_32_B4,L1337,Yes,WED-PN2,Input,"Acetylcholine, GABA"
569,70B,JRC_SS04962-20150828_31_C6,L1337,Yes,WED-PN2,Input,"Acetylcholine, GABA"
570,70B,GMR_MB295B-20151014_33_C1,MB295B,Yes,WED-PN2,Input,"Acetylcholine, GABA"
571,70B,JRC_SS04962-20150828_31_C5,L1337,Yes,WED-PN2,Input,"Acetylcholine, GABA"
572,70B,GMR_MB295B-20151014_33_C2,MB295B,Yes,WED-PN2,Input,"Acetylcholine, GABA"
573,70B,GMR_MB295B-20150814_31_A3,MB295B,Yes,WED-PN2,Input,"Acetylcholine, GABA"
574,70B,GMR_MB295B-20150814_31_A4,MB295B,Yes,WED-PN2,Input,"Acetylcholine, GABA"
575,70B,JRC_SS04962-20150828_31_C3,L1337,Yes,WED-PN2,Input,"Acetylcholine, GABA"
576,70B,GMR_MB295B-20150814_31_A5,MB295B,Yes,WED-PN2,Input,"Acetylcholine, GABA"
577,70C,JRC_SS04960-20150929_33_C1,L771,Yes,WED-PN1,Input,GABA
578,70C,JRC_SS04960-20150929_33_C5,L771,Yes,WED-PN1,Input,GABA
579,70C,JRC_SS16337-20160504_31_E2,L1112,Yes,WED-PN1,Input,GABA
580,70C,JRC_SS04960-20150929_33_C3,L771,Yes,WED-PN1,Input,GABA
581,70C,JRC_SS16337-20160504_31_E3,L1112,Yes,WED-PN1,Input,GABA
582,70C,JRC_SS16337-20160504_31_E1,L1112,Yes,WED-PN1,Input,GABA
583,70C,JRC_SS04960-20150929_33_C2,L771,Yes,WED-PN1,Input,GABA
584,70C,JRC_SS04961-20150828_31_I2,L984,Yes,WED-PN1,Input,GABA
585,70C,JRC_SS04960-20150929_33_C4,L771,Yes,WED-PN1,Input,GABA
586,70C,JRC_SS16337-20160504_31_F3,L1112,Yes,WED-PN1,Input,GABA
587,70C,JRC_SS16337-20160504_31_F2,L1112,Yes,WED-PN1,Input,GABA
588,70C,JRC_SS16337-20160504_31_F1,L1112,Yes,WED-PN1,Input,GABA
589,70D,JRC_SS22640-20161116_32_B5,L1524,Yes,WED-PN3,Input,"Acetylcholine, GABA"
594,70E,JRC_SS23384-20160629_31_A6,L1940,Yes,WED-PN4,Input,"Acetylcholine, GABA"
595,70E,JRC_SS23384-20160629_31_A2,L1940,Yes,WED-PN4,Input,"Acetylcholine, GABA"
596,70E,JRC_SS23384-20160629_31_A3,L1940,Yes,WED-PN4,Input,"Acetylcholine, GABA"
597,76B,JRC_SS24820-20160621_33_E5,L2392,Yes,PV4c1,Output,Glutamate
598,76B,JRC_SS24820-20160621_33_F4,L2392,Yes,PV4c1,Output,Glutamate
599,76B,JRC_SS24820-20160621_33_F2,L2392,Yes,PV4c1,Output,Glutamate
600,76B,JRC_SS24820-20160621_33_E1,L2392,Yes,PV4c1,Output,Glutamate
601,7A,JRC_SS04950-20170103_33_B6,L1129,Yes,,Output,Acetylcholine
602,7A,JRC_SS04950-20150929_33_F1,L1129,Yes,,Output,Acetylcholine
603,7A,JRC_SS04950-20170411_31_G1,L1129,Yes,,Output,Acetylcholine
604,7A,JRC_SS04950-20170103_33_B3,L1129,Yes,,Output,Acetylcholine
605,7A,JRC_SS22549-20170103_33_F3,L1139,Yes,,Output,Acetylcholine
606,7A,JRC_SS22549-20170103_33_F4,L1139,Yes,,Output,Acetylcholine
607,7A,JRC_SS04950-20170411_31_F4,L1129,Yes,,Output,Acetylcholine
608,7A,JRC_SS04950-20170411_31_G2,L1129,Yes,,Output,Acetylcholine
609,7A,JRC_SS22549-20170103_33_G1,L1139,Yes,,Output,Acetylcholine
610,7A,JRC_SS22549-20170103_33_G3,L1139,Yes,,Output,Acetylcholine
614,84,JRC_SS24177-20160622_31_A2,L2087,Yes,AV2b3,Output,"Acetylcholine, GABA"
615,84,JRC_SS24177-20160622_31_B1,L2087,Yes,AV2b3,Output,"Acetylcholine, GABA"
616,84,JRC_SS24177-20160622_31_A1,L2087,Yes,AV2b3,Output,"Acetylcholine, GABA"
617,84,JRC_SS24177-20160622_31_B3,L2087,Yes,AV2b3,Output,"Acetylcholine, GABA"
618,85,GMR_MB380B-20151014_33_D1,MB380B,Yes,MB-C1,Output,GABA
619,85,GMR_MB380B-20151014_33_D6,MB380B,Yes,MB-C1,Output,GABA
620,85,GMR_MB380B-20151014_33_D4,MB380B,Yes,MB-C1,Output,GABA
621,85,GMR_MB380B-20150814_31_B6,MB380B,Yes,MB-C1,Output,GABA
622,8A,JRC_SS06600-20160422_32_F4,L19,Yes,AD3b1,Output,Acetylcholine
623,8A,JRC_SS04959-20151007_31_A1,L1284,Yes,AD3b1,Output,Acetylcholine
624,8A,JRC_SS15113-20151007_31_B1,L20,Yes,AD3b1,Output,Acetylcholine
625,8A,JRC_SS06600-20160422_32_F1,L19,Yes,AD3b1,Output,Acetylcholine
626,8A,JRC_SS04959-20151007_31_A5,L1284,Yes,AD3b1,Output,Acetylcholine
627,8A,JRC_SS15113-20151007_31_B3,L20,Yes,AD3b1,Output,Acetylcholine
628,8A,JRC_SS06600-20160422_32_F3,L19,Yes,AD3b1,Output,Acetylcholine
629,8A,JRC_SS15113-20151007_31_B5,L20,Yes,AD3b1,Output,Acetylcholine
630,8A,JRC_SS06600-20160422_32_E2,L19,Yes,AD3b1,Output,Acetylcholine
631,8A,JRC_SS15113-20151007_31_B2,L20,Yes,AD3b1,Output,Acetylcholine
632,8A,JRC_SS06600-20160422_32_E3,L19,Yes,AD3b1,Output,Acetylcholine
633,98,JRC_SS23161-20160622_31_C2,L2158,Yes,,Output,Acetylcholine
634,98,JRC_SS23161-20160622_31_D3,L2158,Yes,,Output,Acetylcholine
635,98,JRC_SS23161-20160622_31_C5,L2158,Yes,,Output,Acetylcholine