skid,catmaid_name,ItoLee_Lineage,ItoLee_Hemilineage,Hartenstein_Lineage,Hartenstein_Hemilineage,type,cell_type,cell,hemibrain_match,closest_light_match,LM_match_quality,status,transmitter,other_names,paper,all_citations
6852116,LAC AV3f2#1 6852117 ECM Jon Snow ,LHa3,LHa3,BLVa2,BLVa2,ON,AV3r1,AV3r1#1,478928628,Cha-F-700265,anatomy.group,complete,unknown,,Marin et al 2020,Marin et al 2020
1309241,LAC AV3f2#2 1309242 RJVR ECM Rhaegar,LHa3,LHa3,BLVa2,BLVa2,ON,AV3r1,AV3r1#2,294445804,Cha-F-700265,anatomy.group,rough,unknown,,Marin et al 2020,Marin et al 2020
11524452,LAC DN1-l#1 5844069 ECM Katy Perry ,Primary,Primary,Primary,Primary,ON,DN1-l,DN1-l,5813021615,fru-M-200431,anatomy.group,complete,unknown,,Marin et al 2020,Marin et al 2020
2477473,aSP-g candidate R 1049830 GSXEJ,LHl2,LHl2_medial,DPLal2,DPLal2_medial,ON,aSP-g1b,aSP-g1b#1,855414220,Gad1-F-200365,cell.type,complete,acetylcholine,AD1e1 (Dolan et al 2019; Frechter et al 2019),Bates and Schlegel et al 2020; Dolan et al 2019,Bates and Schlegel et al 2020; Dolan et al 2019; Frechter et al 2019
1149437,aSP-g candidate R 1149438 IT,SLPal2,SLPal2_ventral,DPLal3,DPLal3_ventral,ON,aSP-g1b,aSP-g1b#2,421992069,Gad1-F-200365,cell.type,complete,acetylcholine,AD1e1 (Dolan et al 2019; Frechter et al 2019),Bates and Schlegel et al 2020; Dolan et al 2019,Bates and Schlegel et al 2020; Dolan et al 2019; Frechter et al 2019
8927505,PV2 AVLP.R -> SLP.R 8927506 RJVR Bateleur,VPNp&v1,VPNp&v1_posterior,BLP1,BLP1_posterior,IN,AVLP560,AVLP560#1,973436416,Trh-M-500183,cell.type,preliminary,acetylcholine,AVLP-PN1 (Dolan et al 2019),Dolan et al 2019,Dolan et al 2019
4129363,LAC DN1a#1 4129364 ECM Lysa Arryn,Primary,Primary,Primary,Primary,ON,DN1a1,DN1a#1,5813022274,fru-M-200431,anatomy.group,complete,unknown,,Marin et al 2020,Marin et al 2020; Zhang et al 2010
3973434,LAC DN1a#2 3973435 KEC ECM Sansa,Primary,Primary,Primary,Primary,ON,DN1a2,DN1a#2,264083994,fru-M-200431,anatomy.group,complete,unknown,,Marin et al 2020,Marin et al 2020; Zhang et al 2010
3094186,DNp44 [LH.R]-> 3094187 Plummet ASB,Primary,Primary,Primary,Primary,DN,DNp44,DNp44,542751938,VGlut-F-200225,cell.type,complete,unknown,PV9a1 (Frechter et al 2019),Marin et al 2020,Marin et al 2020; Frechter et al 2019; Namiki et al 2018
1546454,EB canal neuron 1546455 AES,DL1,DL1_dorsal,CP2,CP2_dorsal,ON,FB2H,FB2H#1,732034061,L528#1,cell.type,preliminary,unknown,PV5k1 (Dolan et al 2019),Dolan et al 2019,Dolan et al 2019
7739922,putative TPN-1 7739923 IT RJVR,VESa1,VESa1,BAla3,BAla3,IN,GNG-PN1,GNG-PN1#1,608166388,none,cell.type,preliminary,acetylcholine,,Dolan et al 2019,Dolan et al 2019
11519370,AD1a1#1 1298753 Synchronize Your Dogmas ASB,SLPal2,SLPal2_ventral,DPLal3,DPLal3_ventral,ON,LHAD1a1,LHAD1a1#1,454045389,L1740#8,cell.type,complete,acetylcholine,L1 (Jeanne et al 2018),Bates and Schlegel et al 2020; Dolan et al 2019,Bates and Schlegel et al 2020; Dolan et al 2019; Frechter et al 2019; Jeanne et al 2018
6536624,AD1b1#1 SLP.R-SIP.R-SMP.R aSP-g tract neuron 6536625,LHl2,LHl2_medial,DPLal2,DPLal2_medial,ON,LHAD1b1,LHAD1b1#1,543412198,140514c1,cell.type,complete,acetylcholine,ML1 (Jeanne et al 2018),Dolan et al 2019,Bates and Schlegel et al 2020; Dolan et al 2019; Frechter et al 2019; Jeanne et al 2018
4744251,AD1b2#10 3104105 Home World JJ ZM,LHl2,LHl2_medial,DPLal2,DPLal2_medial,ON,LHAD1b2,LHAD1b2#1,5813052205,L2278#3,cell.type,complete,acetylcholine,ML3 (Jeanne et al 2018),Bates and Schlegel et al 2020,Bates and Schlegel et al 2020; Dolan et al 2019; Frechter et al 2019; Jeanne et al 2018; Otto et al 2020
4970161,neuron 4970162 The Fresno Drop RT & CMM,LHl2,LHl2_medial,DPLal2,DPLal2_medial,ON,LHAD1b2,LHAD1b2#2,606461310,L1539#3,cell.type,complete,acetylcholine,ML3 (Jeanne et al 2018),Bates and Schlegel et al 2020,Bates and Schlegel et al 2020; Dolan et al 2019; Frechter et al 2019; Jeanne et al 2018; Otto et al 2020
5030649,neuron 5030650 Chop Suey CMM,LHl2,LHl2_medial,DPLal2,DPLal2_medial,ON,LHAD1b2,LHAD1b2#3,483017681,120714c4,cell.type,complete,acetylcholine,ML3 (Jeanne et al 2018),Bates and Schlegel et al 2020,Bates and Schlegel et al 2020; Dolan et al 2019; Frechter et al 2019; Jeanne et al 2018; Otto et al 2020
5031366,neuron 5031367 Kinetograph CMM,LHl2,LHl2_medial,DPLal2,DPLal2_medial,ON,LHAD1b2,LHAD1b2#4,573683438,L2278#2,cell.type,complete,acetylcholine,ML3 (Jeanne et al 2018),Bates and Schlegel et al 2020,Bates and Schlegel et al 2020; Dolan et al 2019; Frechter et al 2019; Jeanne et al 2018; Otto et al 2020
4513533,AD1b2#1 4513534 Hamburger CMM,LHl2,LHl2_medial,DPLal2,DPLal2_medial,ON,LHAD1b2,LHAD1b2#5,544107243,L1539#8,cell.type,complete,acetylcholine,ML3 (Jeanne et al 2018),Bates and Schlegel et al 2020,Bates and Schlegel et al 2020; Dolan et al 2019; Frechter et al 2019; Jeanne et al 2018; Otto et al 2020
3877150,AD1b2#8 3877151 Tech World JJ PS,LHl2,LHl2_medial,DPLal2,DPLal2_medial,ON,LHAD1b2,LHAD1b2#6,483017681,Gad1-F-200039,cell.type,complete,acetylcholine,ML3 (Jeanne et al 2018),Bates and Schlegel et al 2020,Bates and Schlegel et al 2020; Dolan et al 2019; Frechter et al 2019; Jeanne et al 2018; Otto et al 2020
3080225,AD1b2#6 3080226 Dark World JJ,LHl2,LHl2_medial,DPLal2,DPLal2_medial,ON,LHAD1b2,LHAD1b2#7,573683438,Gad1-F-200039,cell.type,complete,acetylcholine,ML3 (Jeanne et al 2018),Bates and Schlegel et al 2020,Bates and Schlegel et al 2020; Dolan et al 2019; Frechter et al 2019; Jeanne et al 2018; Otto et al 2020
3080086,AD1b2#4 3080087 Team Rocket RT JJ JH PS,LHl2,LHl2_medial,DPLal2,DPLal2_medial,ON,LHAD1b2,LHAD1b2#8,574040939,Gad1-F-200039,cell.type,complete,acetylcholine,ML3 (Jeanne et al 2018),Bates and Schlegel et al 2020,Bates and Schlegel et al 2020; Dolan et al 2019; Frechter et al 2019; Jeanne et al 2018; Otto et al 2020
3078257,AD1b2#9 3078258 Oberon JJ,LHl2,LHl2_medial,DPLal2,DPLal2_medial,ON,LHAD1b2,LHAD1b2#9,5813022459,Gad1-F-200039,cell.type,complete,acetylcholine,ML3 (Jeanne et al 2018),Bates and Schlegel et al 2020,Bates and Schlegel et al 2020; Dolan et al 2019; Frechter et al 2019; Jeanne et al 2018; Otto et al 2020
3075158,AD1b2#3 3075159 Howard Hughes JJ,LHl2,LHl2_medial,DPLal2,DPLal2_medial,ON,LHAD1b2,LHAD1b2#10,824349873,L1539#8,cell.type,complete,acetylcholine,ML3 (Jeanne et al 2018),Bates and Schlegel et al 2020,Bates and Schlegel et al 2020; Dolan et al 2019; Frechter et al 2019; Jeanne et al 2018; Otto et al 2020
2842610,AD1b2#2 2842611 Alka Seltzer CMM,LHl2,LHl2_medial,DPLal2,DPLal2_medial,ON,LHAD1b2,LHAD1b2#11,730562988,L2278#4,cell.type,complete,acetylcholine,ML3 (Jeanne et al 2018),Bates and Schlegel et al 2020; Dolan et al 2019,Bates and Schlegel et al 2020; Dolan et al 2019; Frechter et al 2019; Jeanne et al 2018; Otto et al 2020
1703751,AD1b2#5 1703752 FML Cremini - downstream of DA2,LHl2,LHl2_medial,DPLal2,DPLal2_medial,ON,LHAD1b2,LHAD1b2#12,762274975,L1539#3,cell.type,complete,acetylcholine,ML3 (Jeanne et al 2018),Bates and Schlegel et al 2020,Bates and Schlegel et al 2020; Dolan et al 2019; Frechter et al 2019; Jeanne et al 2018; Otto et al 2020
3080183,AD1b2#7 3080184 Dust World JJ PS,LHl2,LHl2_medial,DPLal2,DPLal2_medial,ON,LHAD1c1,LHAD1c1#1,705139000,Gad1-F-400233,cell.type,complete,unknown,ML4 (Jeanne et al 2018),Bates and Schlegel et al 2020; Dolan et al 2019,Bates and Schlegel et al 2020; Frechter et al 2019; Jeanne et al 2018
2969221,AD2a2#1 2969222 Uncle Sam CMM,LHl2,LHl2_medial,DPLal2,DPLal2_medial,ON,LHAD1c1,LHAD1c1#2,705139000,fru-M-600162,cell.type,preliminary,unknown,ML4 (Jeanne et al 2018)/ AD2a2 (Dolan et al 2019),Dolan et al 2019,Dolan et al 2019
2402951,AD1a2#1 2402952 Coppitt FML,LHl2,LHl2_medial,DPLal2,DPLal2_medial,ON,LHAD1d1,LHAD1d1#1,511617404,L2446#1,cell.type,preliminary,acetylcholine,,Dolan et al 2019,Dolan et al 2019
2115466,Neuron 14566264,SLPal1,SLPal1,DPLal1,DPLal1,ON,LHAD1f1,LHAD1f1#1,453350926,Cha-F-100223,cell.type,rough,unknown,AD1a3 (Frechter et al 2019),Huoviala et al 2018,Huoviala et al 2018
1879479,AD1a2#1 LH.R -> SLP.R RJVR 1879478 Aspis-like,SLPal1,SLPal1,DPLal1,DPLal1,ON,LHAD1f4,LHAD1f4#1,577835762,L1721#3,cell.type,complete,acetylcholine,AD1a2 (Dolan et al 2019; Frechter et al 2019),Dolan et al 2019,Bates and Schlegel et al 2020; Dolan et al 2019; Frechter et al 2019
1105308,AD2e1 LH.R -> SIP.R-SMP.R 1105309 RJVR,VLPd1,VLPd1,DPLam,DPLam,ON,LHAD2e1,LHAD2e1#1,390952738,none,cell.type,preliminary,unknown,,Huoviala et al 2018,Huoviala et al 2018
533772,AD3b1#1 LHON 533773 Vulture GSXEJ,LHd1,LHd1,DPLd,DPLd,ON,LHAD3a1,LHAD3a1#1,361955275,L1828#1,cell.type,preliminary,acetylcholine,AD3b1 (Dolan et al 2019),Dolan et al 2019,Dolan et al 2019
1803633,AD3f1#1 1803634 Shaky AJES,LHd1,LHd1,DPLd,DPLd,ON,LHAD3a10,LHAD3a10#1,360578907,none,cell.type,complete,unknown,,Bates and Schlegel et al 2020,Bates and Schlegel et al 2020
1812558,AD3b1#1 LHON 1812559 KM,LHd1,LHd1,DPLd,DPLd,ON,LHAD3a8,LHAD3a8#1,580926331,none,cell.type,complete,unknown,,Bates and Schlegel et al 2020,Bates and Schlegel et al 2020
2659704,AV1a1#1 2659705 FML Duck - downstream of DL4,VLPl&p1,VLPl&p1_anterior,BLVp2,BLVp2_anterior,ON,LHAV1a1,LHAV1a1#1,789588935,Cha-F-300357,cell.type,complete,acetylcholine,V3 (Jeanne et al 2018)/ VLPn (Mohamed et al 2019),Bates and Schlegel et al 2020; Dolan et al 2019,Bates and Schlegel et al 2020; Dolan et al 2019; Frechter et al 2019; Jeanne et al 2018; Mohamed et al 2019;Huoviala et al 2018
2684792,AV1a1#2 2684793 Pigeon RJVR FML ZM,VLPl&p1,VLPl&p1_anterior,BLVp2,BLVp2_anterior,ON,LHAV1a1,LHAV1a1#2,820563959,Cha-F-300357,cell.type,complete,acetylcholine,V3 (Jeanne et al 2018)/ VLPn (Mohamed et al 2019),Bates and Schlegel et al 2020; Dolan et al 2019,Bates and Schlegel et al 2020; Dolan et al 2019; Frechter et al 2019; Jeanne et al 2018; Mohamed et al 2019;Huoviala et al 2018
1967862,AV1a2#1 1967863 Pheasant AJES,VLPl&p1,VLPl&p1_anterior,BLVp2,BLVp2_anterior,ON,LHAV1a2,LHAV1a2#1,855384597,Gad1-F-700100,cell.type,complete,unknown,V3 (Jeanne et al 2018),Dolan et al 2019,Bates and Schlegel et al 2020; Dolan et al 2019; Frechter et al 2019
2794070,putative LH.R->AVLP.R 2794071 Curiously Cinnamon ZM,VLPl&p1,VLPl&p1_anterior,BLVp2,BLVp2_anterior,ON,LHAV1a3,LHAV1a3#1,1041253084,Gad1-F-900217,cell.type,complete,acetylcholine,,Dolan et al 2019,Bates and Schlegel et al 2020; Dolan et al 2019; Frechter et al 2019
1870230,AV2a2#1 1870231 RJVR AJES PS,LHa2,LHa2,BLVa1,BLVa1,ON,LHAV2a3,LHAV2a3#1,5813013530,Gad1-F-800214,cell.type,complete,unknown,AV2a1 (Dolan et al 2019; Frechter et al 2019),Dolan et al 2019,Bates and Schlegel et al 2020; Dolan et al 2019; Frechter et al 2019
2638597,AV2b3#1 2638598 Saddlebunch FML,VLPl2,VLPl2_dorsal,BLAv2,BLAv2_dorsal,ON,LHAV2b1,LHAV2b1#1,1006142645,L2087#2,cell.type,preliminary,acetylcholine,,Dolan et al 2019,Dolan et al 2019
2198365,AV2b1#1 LHON Savage RJVR,VLPl2,VLPl2_dorsal,BLAv2,BLAv2_dorsal,ON,LHAV2b2,LHAV2b2#1,1037510115,L2087#1,cell.type,preliminary,acetylcholine,V2 (Jeanne et al 2018),Dolan et al 2019,Dolan et al 2019
11543519,AV2d1#1 DA2 downstream neuron 1376326 GSXEJ RJVR Joffrey,Primary,Primary,Primary,Primary,ON,LHAV2d1,LHAV2d1#1,574377562,Gad1-F-500321 ,cell.type,complete,unknown,,Marin et al 2020,Bates and Schlegel et al 2020; Dolan et al 2019; Frechter et al 2019
5341336,AV3a1#2 Talisker 5341337 PS,LHa3,LHa3,BLVa2,BLVa2,ON,LHAV3a1,LHAV3a1#1,419929377,VGlut-F-500109,cell.type,complete,unknown,,Bates and Schlegel et al 2020; Dolan et al 2019,Bates and Schlegel et al 2020; Huoviala et al 2018; Dolan et al 2019; Frechter et al 2019
3047410,AV3a1#4 DA2 Upstream 3047411 RJVR Sabre,SLPpl3,SLPpl3_lateral,new,new_lateral,ON,LHAV3a1,LHAV3a1#2,296120593,Cha-F-000174,cell.type,rough,unknown,,Huoviala et al 2018,Huoviala et al 2018
2633111,AV3a1#1 2633112 Craig - downstream of DL4 FML,SLPav1,SLPav1_lateral,BLAl,BLAl_lateral,ON,LHAV3a1,LHAV3a1#3,296120593,VGlut-F-300265,cell.type,complete,unknown,,Huoviala et al 2018,Bates and Schlegel et al 2020; Huoviala et al 2018; Dolan et al 2019; Frechter et al 2019
1706875,LH.R -> SLP.R 1706876 RJVR,LHa3,LHa3,BLVa2,BLVa2,ON,LHAV3a2,LHAV3a2#1,480257914,none,cell.type,preliminary,unknown,,Huoviala et al 2018,Huoviala et al 2018
1706774,AV3a1#3 LH -> SLP 1706775 RJVR Cornet,SLPpl3,SLPpl3_lateral,new,new_lateral,ON,LHAV3c1,LHAV3c1#1,358538040,VGlut-F-600716,cell.type,complete,unknown,AV3a1 (Dolan et al 2019; Frechter et al 2019),Huoviala et al 2018,Bates and Schlegel et al 2020; Huoviala et al 2018; Dolan et al 2019; Frechter et al 2019
4954486,[LH.R->] 4954487 Aspis Upstream SD ASB RJVR ,SLPpl3,SLPpl3_lateral,new,new_lateral,ON,LHAV3d1,LHAV3d1#1,665454282,Cha-F-000395,cell.type,rough,unknown,,Huoviala et al 2018,Huoviala et al 2018
1705052,AV4j1 LH -> SLP 1705053 RJVR FML Foil,SLPav1,SLPav1_lateral,BLAl,BLAl_lateral,ON,LHAV3e3,LHAV3e3#1,5813009781,none,cell.type,rough,unknown,,Huoviala et al 2018,Huoviala et al 2018
11545803,AV3e1#1 [LH.R]-[CAL.R] -> [LH.R] 2979434 RJVR Ouroboros,SLPpl3,SLPpl3_lateral,new,new_lateral,ON,LHAV3f1,LHAV3f1#1,574377845,Cha-F-000470,pnt,complete,unknown,,Marin et al 2020,Bates and Schlegel et al 2020
1705004,AV3a1#5 LH->SLP 1705005 RJVR,SLPpl3,SLPpl3_lateral,new,new_lateral,ON,LHAV3g1,LHAV3g1#1,544699051,VGlut-F-800054,cell.type,rough,unknown,AV3a1 (Frechter et al 2019),Huoviala et al 2018,Huoviala et al 2018
2705119,AV3 [LH.R] 2705120 RJVR FML upstream of DL4,LHa3,LHa3,BLVa2,BLVa2,ON,LHAV3o1,LHAV3o1#1,480586157,none,cell.type,preliminary,unknown,,Huoviala et al 2018,Huoviala et al 2018
2315173,LAC AV3f1#1 2315174 JH ECM Benji Stark,LHa3,LHa3,BLVa2,BLVa2,ON,LHAV3q1,LHAV3q1#1,633097828,Cha-F-700265,anatomy.group,complete,unknown,,Marin et al 2020,Marin et al 2020
11524190,AV4 [LH.R] 1421573 DM1 Centric 1 ASB,LHl1,LHl1_lateral,BLD4,BLD4_lateral,ON,LHAV4a1,LHAV4a1#1,728483069,L788#1,cell.type,complete,GABA,Local4 (Jeanne et al 2018),Bates and Schlegel et al 2020; Dolan et al 2019,Bates and Schlegel et al 2020; Dolan et al 2019; Frechter et al 2019; Jeanne et al 2018
15738886,AV4a1#1 1288535 DM1 Centric 2 ASB,LHl1,LHl1_lateral,BLD4,BLD4_lateral,ON,LHAV4a1,LHAV4a1#2,822289778,L788#3,cell.type,complete,GABA,Local4 (Jeanne et al 2018),Dolan et al 2019,Bates and Schlegel et al 2020; Dolan et al 2019; Frechter et al 2019; Jeanne et al 2018
15738898,AV4a1#1 2101396 Chicken ASB,LHl1,LHl1_lateral,BLD4,BLD4_lateral,ON,LHAV4a3,LHAV4a3#1,794337453,Cha-F-000524,cell.type,complete,unknown,Local1 (Jeanne et al 2018)/ AV4a2 (Dolan et al 2019; Frechter et al 2019),Bates and Schlegel et al 2020; Dolan et al 2019,Bates and Schlegel et al 2020; Dolan et al 2019; Frechter et al 2019; Jeanne et al 2018
1911124,AV4 [LH.R] 1911125 FML PS RJVR,LHl1,LHl1_lateral,BLD4,BLD4_lateral,ON,LHAV4a4,LHAV4a4#1,980198319,L240#12,cell.type,complete,unknown,Local7 (Jeanne et al 2018),Dolan et al 2019,Bates and Schlegel et al 2020; Dolan et al 2019; Frechter et al 2019; Jeanne et al 2018
1853423,AV4b1#1 1853423 Accursed  RJVR - check FML,LHl1,LHl1_lateral,BLD4,BLD4_lateral,ON,LHAV4a4,LHAV4a4#2,5813014585,Gad1-F-400436,cell.type,complete,unknown,Local7 (Jeanne et al 2018),Dolan et al 2019,Bates and Schlegel et al 2020; Dolan et al 2019; Frechter et al 2019; Jeanne et al 2018
1967891,AV4b9#1 1967892 Sea-eagle PS,LHl4,LHl4_lateral,BLD1,BLD1_lateral,ON,LHAV4b2,LHAV4b2#1,635091875,L1385#3,cell.type,preliminary,GABA,AV4b4 (Dolan et al 2019),Dolan et al 2019,Dolan et al 2019
488055,AV4b1#1 488056 downstream DA1 GSXEJ,LHl1,LHl1_lateral,BLD4,BLD4_lateral,ON,LHAV4c1,LHAV4c1#1,826762561,L421#14,cell.type,complete,unknown,Local7 (Jeanne et al 2018)/ AV4c2 (Dolan et al 2019; Frechter et al 2019),Dolan et al 2019,Bates and Schlegel et al 2020; Dolan et al 2019; Frechter et al 2019; Jeanne et al 2018
15738796,AV4 LH.R -> DA1 Upstream 1812531 RJVR,LHl1,LHl1_lateral,BLD4,BLD4_lateral,ON,LHAV4c2,LHAV4c2#1,764006565,L421#1,cell.type,preliminary,unknown,AV4c1 (Dolan et al 2019),Dolan et al 2019,Dolan et al 2019
2639558,AV4i1#1 [LH.R] 2639559 RJVR Upstream DL4 Euphonium,LHl1,LHl1_lateral,BLD4,BLD4_lateral,ON,LHAV4d1,LHAV4d1#1,5813012083,none,cell.type,complete,unknown,,Huoviala et al 2018,Bates and Schlegel et al 2020; Huoviala et al 2018
1103745,AV4i1#2 DA2 PN downstream neuron 1103746 ARH,LHl1,LHl1_lateral,BLD4,BLD4_lateral,ON,LHAV4d3,LHAV4d3#1,948812702,none,cell.type,rough,unknown,,Huoviala et al 2018,Huoviala et al 2018
5990596,AV4b8 5990597 Snake-Eagle  ASB,LHl1,LHl1_lateral,BLD4,BLD4_lateral,ON,LHAV4e7,LHAV4e7#1,579169910,131011c0,cell.type,preliminary,GABA,AV4b8 (Dolan et al 2019),Dolan et al 2019,Dolan et al 2019
2851242,AV4a3#1 2851243 Dove RJVR,LHl4,LHl4_lateral,BLD1,BLD1_lateral,ON,LHAV4g1,LHAV4g1#1,946123380,L247#5,cell.type,complete,unknown,AV4a3 (Dolan et al 2019; Frechter et al 2019),Dolan et al 2019,Bates and Schlegel et al 2020; Dolan et al 2019; Frechter et al 2019
3439570,LAC AV4c3#1 3439571 RJVR Downstream of Ouro ECM Obara,LHl1,LHl1_lateral,BLD4,BLD4_lateral,ON,LHAV4i1,LHAV4i1#1,698180393,Cha-F-200329,cell.type,rough,unknown,AV4c3 (Frechter et al 2019),Marin et al 2020,Marin et al 2020
3587600,3587601 Terribly Lost ASB,VPNl&d1,VPNl&d1_dorsal,BLAvm2,BLAvm2_dorsal,ON,LHAV5a1,LHAV5a1#1,391625677,L1594#1,cell.type,preliminary,acetylcholine,,Dolan et al 2019,Dolan et al 2019
3967814,AV4 3967815 FML Jalapeño,VPNl&d1,VPNl&d1_dorsal,BLAvm2,BLAvm2_dorsal,ON,LHAV5a8,LHAV5a8#1,419884905,none,cell.type,preliminary,unknown,,Huoviala et al 2018,Huoviala et al 2018
1709487,LH.R -> SLP.R 1709488 RJVR - downstream of DA2,VPNl&d1,VPNl&d1_dorsal,BLAvm2,BLAvm2_dorsal,ON,LHAV5a8,LHAV5a8#2,419884905,none,cell.type,preliminary,unknown,,Huoviala et al 2018,Huoviala et al 2018
3968214,AV4 LH.R -> (SLP.R)? 3968215 FML Button - downstream of DA2,VPNl&d1,VPNl&d1_dorsal,BLAvm2,BLAvm2_dorsal,ON,LHAV5a9,LHAV5a9#1,603003871,none,cell.type,preliminary,unknown,,Huoviala et al 2018,Huoviala et al 2018
1492649,AV5h1 [LH.R] neuron 1492650 fused,SLPav2,SLPav2_dorsal,BLD2,BLD2_dorsal,ON,LHAV5e1,LHAV5e1#1,480276374,none,cell.type,rough,unknown,,Huoviala et al 2018,Huoviala et al 2018
1415926,AV6a1#1 1415927 Haddock ASB,LHa1,LHa1_medial,BLAd1,BLAd1_medial,ON,LHAV6a1,LHAV6a1#1,574011220,130725c4,cell.type,complete,acetylcholine,L11 (Jeanne et al 2018)/ Type II (Fisek et al 2014),Dolan et al 2019,Bates and Schlegel et al 2020; Dolan et al 2019; Frechter et al 2019; Jeanne et al 2018; Fisek et al 2014
1707578,AV6 1707579 FML - downstream of DA2,LHa1,LHa1_medial,BLAd1,BLAd1_medial,ON,LHAV6a10,LHAV6a10#1,5813047255,none,cell.type,preliminary,unknown,,Huoviala et al 2018,Huoviala et al 2018
1298816,AV6a2#1 1298817 Peacock Bass ASB,LHa1,LHa1_medial,BLAd1,BLAd1_medial,ON,LHAV6a3,LHAV6a3#1,423330124,none,cell.type,complete,unknown,L11 (Jeanne et al 2018),Bates and Schlegel et al 2020,Bates and Schlegel et al 2020
4902612,AV6b1 neuron 4902613 CONTAINS  ERROR Salamander ASB,LHa1,LHa1_medial,BLAd1,BLAd1_medial,ON,LHAV6b1,LHAV6b1#1,452677169,L452#4,cell.type,preliminary,unknown,,Dolan et al 2019,Dolan et al 2019
6772893,putative 125 6772894 Alexander Robert Paul Harrison SD,SIPa1,SIPa1_ventral,BLAd2,BLAd2_ventral,ON,LHAV6c1,LHAV6c1#1,607212413,L2382#1,cell.type,preliminary,glutamate,,Dolan et al 2019,Dolan et al 2019
2417820,LH.R -> LH.R - SLP.R - SIP.R 2417821 FML Ohio - downstream of DL4,LHa1,LHa1_medial,BLAd1,BLAd1_medial,ON,LHAV6f2,LHAV6f2#1,425803370,none,cell.type,preliminary,unknown,CML2 (Jeanne et al 2018),Huoviala et al 2018,Huoviala et al 2018
4176088,AV7a1#1 4176089 Osprey ASB,AOTUv2,AOTUv2,DALl1,DALl1,ON,LHAV7a1,LHAV7a1#1,580231908,L2001#1,cell.type,preliminary,acetylcholine,,Dolan et al 2019,Dolan et al 2019
57110,Putative peptidergic neuron 57111 SM ND Beluga,Primary?,Primary?,Primary?,Primary?,ON,LHAV8a1,LHAV8a1#1,636789034,none,cell.type,preliminary,unknown,,Marin et al 2020,Marin et al 2020
3394015,"SP.R->(LH.R,CA.R) 1196496 Explorer ASB",Primary,Primary,Primary,Primary,CENT,LHCENT1,LHCENT1#1,328861282,none,cell.type,rough,unknown,,Bates and Schlegel et al 2020,Bates and Schlegel et al 2020
13565080,CENT 343929 Hoodwink ASB,Primary,Primary,Primary,Primary,CENT,LHCENT2,LHCENT2#1,327499164,none,cell.type,rough,unknown,,Bates and Schlegel et al 2020,Bates and Schlegel et al 2020
11543484,putative LHON 466766 Safety Pin CMM,Primary,Primary,Primary,Primary,CENT,LHCENT3,LHCENT3#1,487144598,none,cell.type,rough,unknown,,Bates and Schlegel et al 2020,Bates and Schlegel et al 2020
563760,"SP.R->(LH.R,CA.R) 563761 Mighty Little RJVR GSXEJ ASB ",Primary,Primary,Primary,Primary,CENT,LHCENT4,LHCENT4#1,517506265,none,cell.type,rough,unknown,,Bates and Schlegel et al 2020,Bates and Schlegel et al 2020
11519897,Neuron 11519898 Capaldi RJVR,Primary,Primary,Primary,Primary,CENT,LHCENT5,LHCENT5#1,579912201,none,cell.type,rough,unknown,,Bates and Schlegel et al 2020,Bates and Schlegel et al 2020
1288606,LH.R-> 1288607 Opportunity ASB,Primary,Primary,Primary,Primary,CENT,LHCENT6,LHCENT6#1,5813068669,none,cell.type,rough,unknown,,Bates and Schlegel et al 2020,Bates and Schlegel et al 2020
1866895,"(LH.R,SP.R)->(CA.R,LH.R)1866896 Morpholino ASB",Primary,Primary,Primary,Primary,CENT,LHCENT7,LHCENT7#1,328533761,TH-F-000012,cell.type,rough,unknown,PV1a1 (Frechter et al 2019),Bates and Schlegel et al 2020,Bates and Schlegel et al 2020
181551,"SP.R->(LH.R,CA.R)181552 Vieille Priére Bouddhique EW ASB RJVR",Primary,Primary,Primary,Primary,CENT,LHCENT8,LHCENT8#1,511271574,none,cell.type,rough,unknown,,Bates and Schlegel et al 2020,Bates and Schlegel et al 2020
554327,"SP.R->(LH.R,CA.R) 554328 IJA Vieille Priére Bouddhique",Primary,Primary,Primary,Primary,CENT,LHCENT8,LHCENT8#2,360284300,none,cell.type,rough,unknown,,Bates and Schlegel et al 2020,Bates and Schlegel et al 2020
11519759,LH.R-> 1298804 Fen Tiger CH ASB,Primary,Primary,Primary,Primary,CENT,LHCENT9,LHCENT9#1,330268940,none,cell.type,rough,unknown,,Bates and Schlegel et al 2020,Bates and Schlegel et al 2020
1299740,"(LH.R,CA.R)->(SP.R,MB.R) 1299741 Birthday ASB",Primary,Primary,Primary,Primary,ON,LHMB1,LHMB1#1,5813020988,none,cell.type,rough,unknown,,Bates and Schlegel et al 2020,Bates and Schlegel et al 2020
1299700,PD2a1#1 1299701 ASB,VLPd&p1,VLPd&p1_dorsal,DPLl2,DPLl2_dorsal,ON,LHPD2a1,LHPD2a1#1,573329304,L989#9,cell.type,complete,acetylcholine,ML9 (Jeanne et al 2018)/ Type I (Fisek et al 2014),Bates and Schlegel et al 2020; Dolan et al 2018,Bates and Schlegel et al 2020; Dolan et al 2019; Frechter et al 2019; Jeanne et al 2018; Dolan et al 2018; Fisek et al 2014
2205218,PD2a1#2 1290496 Deirdre ASB,VLPd&p1,VLPd&p1_dorsal,DPLl2,DPLl2_dorsal,ON,LHPD2a1,LHPD2a1#2,573337611,L989#9,cell.type,complete,acetylcholine,ML9 (Jeanne et al 2018)/ Type I (Fisek et al 2014),Bates and Schlegel et al 2020; Dolan et al 2018,Bates and Schlegel et al 2020; Dolan et al 2019; Frechter et al 2019; Jeanne et al 2018; Dolan et al 2018; Fisek et al 2014
1415893,PD2a1#3 1415894 Cu Chulainn ASB,VLPd&p1,VLPd&p1_dorsal,DPLl2,DPLl2_dorsal,ON,LHPD2a1,LHPD2a1#3,571666434,L989#7,cell.type,complete,acetylcholine,ML9 (Jeanne et al 2018)/ Type I (Fisek et al 2014),Bates and Schlegel et al 2020; Dolan et al 2018,Bates and Schlegel et al 2020; Dolan et al 2019; Frechter et al 2019; Jeanne et al 2018; Dolan et al 2018; Fisek et al 2014
1454234,PD2a1#4 1454235 Medb ASB,VLPd&p1,VLPd&p1_dorsal,DPLl2,DPLl2_dorsal,ON,LHPD2a1,LHPD2a1#4,571666434,L989#7,cell.type,complete,acetylcholine,ML9 (Jeanne et al 2018)/ Type I (Fisek et al 2014),Bates and Schlegel et al 2020; Dolan et al 2018,Bates and Schlegel et al 2020; Dolan et al 2019; Frechter et al 2019; Jeanne et al 2018; Dolan et al 2018; Fisek et al 2014
11547665,PD2a1#5 3516954 Conchobar ASB,VLPd&p1,VLPd&p1_dorsal,DPLl2,DPLl2_dorsal,ON,LHPD2a1,LHPD2a1#5,542634516,L989#9,cell.type,complete,acetylcholine,ML9 (Jeanne et al 2018)/ Type I (Fisek et al 2014),Bates and Schlegel et al 2020; Dolan et al 2018,Bates and Schlegel et al 2020; Dolan et al 2019; Frechter et al 2019; Jeanne et al 2018; Dolan et al 2018; Fisek et al 2014
1606113,PD2b1#1 1606114 ASB,VLPd&p1,VLPd&p1_dorsal,DPLl2,DPLl2_dorsal,ON,LHPD2b1,LHPD2b1#1,509928512,37G11#5,cell.type,complete,acetylcholine,Type I (Fisek et al 2014)/ ML8 (Jeanne et al 2018),Bates and Schlegel et al 2020; Dolan et al 2018,Bates and Schlegel et al 2020; Dolan et al 2019; Frechter et al 2019; Jeanne et al 2018; Dolan et al 2018; Fisek et al 2014
3345012,PD2b1#2 3345012 Cù Sìth ASB,VLPd&p1,VLPd&p1_dorsal,DPLl2,DPLl2_dorsal,ON,LHPD2b1,LHPD2b1#2,509928512,37G11#5,cell.type,complete,acetylcholine,Type I (Fisek et al 2014)/ ML8 (Jeanne et al 2018),Bates and Schlegel et al 2020; Dolan et al 2018,Bates and Schlegel et al 2020; Dolan et al 2019; Frechter et al 2019; Jeanne et al 2018; Dolan et al 2018; Fisek et al 2014
4182038,PD3a2#1 4182039 Ragdoll ASB,LHd2,LHd2_dorsal,DPLm2,DPLm2_dorsal,ON,LHPD3a2,LHPD3a2#1,480922968,L1749#3,cell.type,complete,glutamate,,Dolan et al 2019,Bates and Schlegel et al 2020; Dolan et al 2019; Frechter et al 2019
3481901,PD3a1#1 3481902 DC4 Bully RJVR ASB,LHd2,LHd2_dorsal,DPLm2,DPLm2_dorsal,ON,LHPD3a5,LHPD3a5#1,510934715,Cha-F-500011,cell.type,complete,glutamate,Local6 (Jeanne et al 2018)/ PD3a1 (Dolan et al 2019; Frechter et al 2019),Bates and Schlegel et al 2020; Dolan et al 2019,Bates and Schlegel et al 2020; Dolan et al 2019; Frechter et al 2019; Jeanne et al 2018
1093041,PD3c1 LHON 1093042 ARH FML,LHd2,LHd2_dorsal,DPLm2,DPLm2_dorsal,ON,LHPD3b1,LHPD3b1#1,358865451,Cha-F-100103,cell.type,rough,unknown,PD3c1 (Frechter et al 2019),Huoviala et al 2018,Huoviala et al 2018
5982276,LAC PD4i3#1 5982277 ECM LB Sam Tarly,SLPpm3,SLPpm3_lateral,DPLc3,DPLc3_lateral,ON,LHPD5a1,LHPD5a1#1,514068564,fru-F-000092,anatomy.group,complete,unknown,,Marin et al 2020,Marin et al 2020
369583,LAC PV9e1#1 369584 BAK ECM Dorne,DM1,DM1,DPMm1,DPMm1,ON,LHPV10c1,LHPV10c1#1,544361987,Trh-F-100072,pnt,complete,unknown,,Marin et al 2020,Marin et al 2020
11545702,PV12a1 putative Gad1-F-600202 40613 AJ,Primary,Primary,Primary,Primary,ON,LHPV12a1,LHPV12a1#1,480590566,Gad1-F-600202,cell.type,rough,unknown,,Bates and Schlegel et al 2020,Bates and Schlegel et al 2020; Huoviala et al 2018; Dolan et al 2019; Frechter et al 2019
2051048,LH-Ca -> LH-CA 2051049 Beauty Left ASB,Primary,Primary,Primary,Primary,ON,LHPV12a1,LHPV12a1#2,574688051,Gad1-F-600202,cell.type,rough,unknown,,Bates and Schlegel et al 2020,Bates and Schlegel et al 2020; Huoviala et al 2018; Dolan et al 2019; Frechter et al 2019
3469191,PV1k1 bilateral neuron 3469192 RJVR Noh,unknown2,unknown2,unknown2,unknown2,ON,LHPV1c1,LHPV1c1#1,5812981753,none,cell.type,rough,unknown,,Huoviala et al 2018,Huoviala et al 2018
79579,PV2 [LH.R] 79580 JH Benzene,VPNp&v1,VPNp&v1_posterior,BLP1,BLP1_posterior,LN,LHPV2a1,LHPV2a1#1,853717974,L258#17,cell.type,preliminary,unknown,,Marin et al 2020,Marin et al 2020
4181593,PV2 [LH.R] 4181594 RJVR,VPNp&v1,VPNp&v1_posterior,BLP1,BLP1_posterior,LN,LHPV2a1,LHPV2a1#2,5813090530,L258#17,cell.type,rough,unknown,,Marin et al 2020,Marin et al 2020
5183432,PV2 [LH.R] 5183433 RJVR ECM,VPNp&v1,VPNp&v1_posterior,BLP1,BLP1_posterior,LN,LHPV2a1,LHPV2a1#3,822005494,L258#3,cell.type,rough,unknown,,Marin et al 2020,Marin et al 2020
3931886,PV2 3931887 RJVR ASB,VPNp&v1,VPNp&v1_posterior,BLP1,BLP1_posterior,ON,LHPV2a1,LHPV2a1#4,822005494,L2013#2,cell.type,preliminary,unknown,PV2b1 (Dolan et al 2019),Dolan et al 2019,Dolan et al 2019
3932461,PV2 [LH.R] 3932462 ASB,VPNp&v1,VPNp&v1_posterior,BLP1,BLP1_posterior,ON,LHPV2a1,LHPV2a1#5,758903321,L1847#1,cell.type,preliminary,GABA,PV2d1 (Dolan et al 2019),Dolan et al 2019,Dolan et al 2019
1703872,PV2a1#1 1703873 FML Beech - downstream of DA2,VPNp&v1,VPNp&v1_posterior,BLP1,BLP1_posterior,ON,LHPV2a2,LHPV2a2#1,791311618,L258#5,cell.type,complete,unknown,PV2a1 (Dolan et al 2019; Frechter et al 2019),Bates and Schlegel et al 2020; Dolan et al 2019,Bates and Schlegel et al 2020; Huoviala et al 2018; Dolan et al 2019; Frechter et al 2019
1104156,PV2a1#4 [LH.R] 1104157 Punch RJVR,VPNp&v1,VPNp&v1_posterior,BLP1,BLP1_posterior,ON,LHPV2a3,LHPV2a3#1,698194389,131028c0,cell.type,rough,unknown,PV2a1 (Frechter et al 2019),Huoviala et al 2018,Huoviala et al 2018
1316519,PV2a2#1 1316520 Golden Eagle GSXEJ RJVR,VPNp&v1,VPNp&v1_posterior,BLP1,BLP1_posterior,ON,LHPV2b5,LHPV2b5#1,698194389,none,cell.type,complete,unknown,,Bates and Schlegel et al 2020,Bates and Schlegel et al 2020
1710886,LH.R -> LH.R - SCL.R 1710887 Fial RJVR,VLPp&l1,VLPp&l1_dorsal,DPLpv,DPLpv_dorsal,ON,LHPV2c1,LHPV2c1#1,917842566,L568#6,cell.type,complete,unknown,PV2a2 (Dolan et al 2019; Frechter et al 2019),Bates and Schlegel et al 2020,Bates and Schlegel et al 2020; Dolan et al 2019; Frechter et al 2019
11524508,LH.R -> LH.R - SCL 2659672 FML Grassy - downstream of DL4,VLPp&l1,VLPp&l1_dorsal,DPLpv,DPLpv_dorsal,ON,LHPV2c1,LHPV2c1#2,819220237,Cha-F-000242,cell.type,complete,acetylcholine,,Bates and Schlegel et al 2020,Bates and Schlegel et al 2020; Dolan et al 2019; Frechter et al 2019
3136591,PV2d1#1 DL4 upstream 3136592 Auk RJVR ASB,VLPp&l1,VLPp&l1_dorsal,DPLpv,DPLpv_dorsal,ON,LHPV2c1,LHPV2c1#3,913345831,L1328#1,cell.type,preliminary,acetylcholine,,Dolan et al 2019,Dolan et al 2019
3416395,Orange Kite WED.R -> LH.R 3416396 RJVR,VPNp&v1,VPNp&v1_posterior,BLP1,BLP1_posterior,IN,LHPV2f2,LHPV2f2#1,912390224,L85#1,cell.type,rough,unknown,,Bates and Schlegel et al 2020,Bates and Schlegel et al 2020
3931736,PV3f1#1 3931737 Goshawk ASB,VPNp1,VPNp1_posterior,BLD5,BLD5_posterior,ON,LHPV3b1,LHPV3b1#1,1068912795,Gad1-F-700071,cell.type,preliminary,acetylcholine,PV3f1 (Dolan et al 2019),Dolan et al 2019,Dolan et al 2019
11522927,PV4a1#1 4A 4044753 Valerie SD,LHp1,LHp1,BLP4,BLP4,ON,LHPV4a1,LHPV4a1#1,790918098,L1467#27,cell.type,complete,glutamate,,Bates and Schlegel et al 2020; Dolan et al 2019,Bates and Schlegel et al 2020; Dolan et al 2019; Frechter et al 2019; Varela et al 2019
7483643,PV4a1#2 [LH.R] 4A 2861336 Igloo ASB,LHp1,LHp1,BLP4,BLP4,ON,LHPV4a2,LHPV4a2#1,5813064407,L1467#13,cell.type,complete,glutamate,PV4a1 (Dolan et al 2019; Frechter et al 2019),Bates and Schlegel et al 2020; Dolan et al 2019,Bates and Schlegel et al 2020; Dolan et al 2019; Frechter et al 2019; Varela et al 2019
3897655,PV4a1#3 3897656 Christine Daaé SD,LHp1,LHp1,BLP4,BLP4,ON,LHPV4a1,LHPV4a1#2,760566169,L1467#13,cell.type,complete,glutamate,,Bates and Schlegel et al 2020; Dolan et al 2019,Bates and Schlegel et al 2020; Dolan et al 2019; Frechter et al 2019; Varela et al 2019
2548003,PV4a7#1 2548004 Teal ASB,LHp1,LHp1,BLP4,BLP4,ON,LHPV4a10,LHPV4a10#1,541952417,Cha-F-600207,cell.type,complete,glutamate,Local1 (Jeanne et al 2018),Bates and Schlegel et al 2020; Dolan et al 2019,Bates and Schlegel et al 2020; Dolan et al 2019; Frechter et al 2019; Jeanne et al 2018; Varela et al 2019
5918547,PV4a2#3 5918548 Jasmine SD,LHp1,LHp1,BLP4,BLP4,ON,LHPV4a4,LHPV4a4#1,729518762,L1473#8,cell.type,complete,glutamate,PV4a2 (Dolan et al 2019; Frechter et al 2019),Bates and Schlegel et al 2020; Dolan et al 2019,Bates and Schlegel et al 2020; Dolan et al 2019; Frechter et al 2019; Varela et al 2019
4044614,PV4a2#1 4044615 Jolene SD,LHp1,LHp1,BLP4,BLP4,ON,LHPV4a2,LHPV4a2#2,760566735,L1473#8,cell.type,complete,glutamate,,Bates and Schlegel et al 2020; Dolan et al 2019,Bates and Schlegel et al 2020; Dolan et al 2019; Frechter et al 2019; Varela et al 2019
1710793,PV4a2#2 1710794 Tipi ASB RJVR,LHp1,LHp1,BLP4,BLP4,ON,LHPV4a1,LHPV4a1#3,760225398,L1467#16,cell.type,complete,glutamate,PV4a2 (Dolan et al 2019; Frechter et al 2019),Bates and Schlegel et al 2020; Dolan et al 2019,Bates and Schlegel et al 2020; Dolan et al 2019; Frechter et al 2019; Varela et al 2019
11524386,PV4a3#1 5918554 Marshall SD,LHp1,LHp1,BLP4,BLP4,ON,LHPV4a3,LHPV4a3#1,790917992,L1354#1,cell.type,complete,glutamate,,Bates and Schlegel et al 2020; Dolan et al 2019,Bates and Schlegel et al 2020; Dolan et al 2019; Frechter et al 2019; Varela et al 2019
6825565,PV4a2#4 6825566 Wigeon ASB,LHp1,LHp1,BLP4,BLP4,ON,LHPV4a4,LHPV4a4#2,760566454,130625c0,cell.type,complete,glutamate,PV4a2 (Dolan et al 2019; Frechter et al 2019),Bates and Schlegel et al 2020; Dolan et al 2019,Bates and Schlegel et al 2020; Dolan et al 2019; Frechter et al 2019; Varela et al 2019
4215506,PV4a4#1 4215507 Valjean SD,LHp1,LHp1,BLP4,BLP4,ON,LHPV4a5,LHPV4a5#1,637121560,130704c1,cell.type,complete,glutamate,,Bates and Schlegel et al 2020; Dolan et al 2019,Bates and Schlegel et al 2020; Dolan et al 2019; Frechter et al 2019; Varela et al 2019
4100701,PV4a5#1 4100702 Legolas RJVR SD,LHp1,LHp1,BLP4,BLP4,ON,LHPV4k1,LHPV4k1#1,790577606,L1467#24,cell.type,complete,glutamate,Local4 (Jeanne et al 2018)/ PV4a5 (Dolan et al 2019; Frechter et al 2019),Bates and Schlegel et al 2020; Dolan et al 2019,Bates and Schlegel et al 2020; Dolan et al 2019; Frechter et al 2019; Varela et al 2019
3367291,PV4 [LH.R] 3367292 Twirl ASB,LHp1,LHp1,BLP4,BLP4,ON,LHPV4a7,LHPV4a7#1,698820341,L1473#1,cell.type,preliminary,unknown,Local1 (Jeanne et al 2018),Dolan et al 2019,Dolan et al 2019
4355299,PV4 [LH.R] 4355300 Pontmercy SD,LHp1,LHp1,BLP4,BLP4,ON,LHPV4a9,LHPV4a9#1,820581604,130627c0,cell.type,preliminary,glutamate,PV4a10 (Dolan et al 2019),Dolan et al 2019,Dolan et al 2019
6203604,PV4b1#1 6203605 Kingfisher ASB,SLPp&v1,SLPp&v1_posterior,DPLp2,DPLp2_posterior,ON,LHPV4b1,LHPV4b1#1,604398262,L1827#4,cell.type,preliminary,acetylcholine,,Dolan et al 2019,Dolan et al 2019
2435769,PV4a12#2 [LH.R] DA2 Downstream 2435770 RJVR,SLPp&v1,SLPp&v1_posterior,DPLp2,DPLp2_posterior,ON,LHPV4b3,LHPV4b3#1,665439889,L1842#4,cell.type,rough,glutamate,PV4a12 (Frechter et al 2019)/ Local3 (Jeanne et al 2018),Huoviala et al 2018,Huoviala et al 2018
2096700,PV4b2 2096701 Phil Harris RJVR,SLPp&v1,SLPp&v1_posterior,DPLp2,DPLp2_posterior,ON,LHPV4b3,LHPV4b3#2,513323340,VGlut-F-400084,cell.type,complete,glutamate,Local3 (Jeanne et al 2018)/ PV4b2 (Dolan et al 2019; Frechter et al 2019),Bates and Schlegel et al 2020; Dolan et al 2019,Bates and Schlegel et al 2020; Dolan et al 2019; Frechter et al 2019
2633914,PV4a12#1 [LH.R] 2633915 Jenkins RJVR,SLPp&v1,SLPp&v1_posterior,DPLp2,DPLp2_posterior,ON,LHPV4b4,LHPV4b4#1,912022802,L1842#4,cell.type,rough,glutamate,PV4a12 (Frechter et al 2019),Huoviala et al 2018,Huoviala et al 2018
1869224,PV4d2#1 1869225 Baza ASB,LHp1,LHp1,BLP4,BLP4,ON,LHPV4b9,LHPV4b9#1,604735961,L979#1,cell.type,preliminary,glutamate,PV4d4 (Dolan et al 2019),Dolan et al 2019,Dolan et al 2019
6292583,LAC PV4c1#1 6292584 ECM Daenerys,SLPp&v1,SLPp&v1_posterior,DPLp2,DPLp2_posterior,ON,LHPV4c1,LHPV4c1#1,694813676,L2316#2,cell.type,complete,glutamate,,Marin et al 2020,Marin et al 2020
3968249,LAC PV4c1#2 3968250 RJVR ECM Viserys,SLPp&v1,SLPp&v1_posterior,DPLp2,DPLp2_posterior,ON,LHPV4c1,LHPV4c1#2,540998783,L2392#2,cell.type,complete,glutamate,,Marin et al 2020,Marin et al 2020
1120955,LAC PV4c1#3 1120956 GSXEJ ECM Aerys,SLPp&v1,SLPp&v1_posterior,DPLp2,DPLp2_posterior,ON,LHPV4c1,LHPV4c1#3,633438933,L2316#2,cell.type,rough,glutamate,,Marin et al 2020,Marin et al 2020
5605174,LAC PV4c1#4 5605175 ECM Winds of Winter,SLPp&v1,SLPp&v1_posterior,DPLp2,DPLp2_posterior,ON,LHPV4c3,LHPV4c3#1,356153135,L2316#2,anatomy.group,rough,unknown,,Marin et al 2020,Marin et al 2020
1091854,LAC PV4c1#5 1091855 FML Teatable,SLPp&v1,SLPp&v1_posterior,DPLp2,DPLp2_posterior,ON,LHPV4c4,LHPV4c4#1,417890128,L2316#2,anatomy.group,rough,unknown,,Marin et al 2020,Marin et al 2020
1103232,PV4 DA2 Downstream 1103233 RJVR,SLPp&v1,SLPp&v1_posterior,DPLp2,DPLp2_posterior,ON,LHPV4c4,LHPV4c4#2,386833812,L2316#2,cell.type,preliminary,glutamate,PV4c1 (Dolan et al 2019),Dolan et al 2019,Dolan et al 2019
4292232,PV4c2#1 4292233 Jekyll SD,SLPp&v1,SLPp&v1_posterior,DPLp2,DPLp2_posterior,ON,LHPV4g1,LHPV4g1#1,880987844,L1397#1,cell.type,preliminary,glutamate,PV4c3 (Dolan et al 2019),Dolan et al 2019,Dolan et al 2019
4044728,29D? 4044729 jafar SD,LHp1,LHp1,BLP4,BLP4,ON,LHPV4h1,LHPV4h1#1,5813012970,Cha-F-500298,cell.type,preliminary,unknown,PV4e3 (Frechter et al 2019),Marin et al 2020,Marin et al 2020
3081576,PV4d2#2 3081577 Usurped Kingfisher RJVR,LHp1,LHp1,BLP4,BLP4,ON,LHPV4d1,LHPV4d1#1,452672881,Cha-F-100278,cell.type,rough,unknown,PV4d2 (Frechter et al 2019),Huoviala et al 2018,Huoviala et al 2018
3788293,PV5a1#5 3788294  Chester ASB,DL2,DL2_lateral,CP3,CP3_lateral,ON,LHPV5a1,LHPV5a1#1,609941228,120708c1,cell.type,complete,acetylcholine,LHON-I (Aso et al 2014),Bates and Schlegel et al 2020,Bates and Schlegel et al 2020; Dolan et al 2019; Frechter et al 2019; Aso et al 2014
5937632,PV5a1#10 5937633 Blood Pact ASB,DL2,DL2_dorsal,CP3,CP3_dorsal,ON,LHPV5a1,LHPV5a1#2,573683455,Gad1-F-900137,cell.type,complete,acetylcholine,LHON-I (Aso et al 2014),Bates and Schlegel et al 2020,Bates and Schlegel et al 2020; Dolan et al 2019; Frechter et al 2019; Aso et al 2014
11522498,PV5a1#11 3788507 Giric ASB,DL2,DL2_dorsal,CP3,CP3_dorsal,ON,LHPV5a1,LHPV5a1#3,609941228,L378#1,cell.type,complete,acetylcholine,LHON-I (Aso et al 2014),Bates and Schlegel et al 2020,Bates and Schlegel et al 2020; Dolan et al 2019; Frechter et al 2019; Aso et al 2014
2204528,PV5a1#2 2204529 Mr Hooly Hooly ASB,DL2,DL2_dorsal,CP3,CP3_dorsal,ON,LHPV5a1,LHPV5a1#4,609941228,L378#1,cell.type,complete,acetylcholine,LHON-I (Aso et al 2014),Bates and Schlegel et al 2020,Bates and Schlegel et al 2020; Dolan et al 2019; Frechter et al 2019; Aso et al 2014
2831091,PV5a1#4 2831092 A Danger to Myself and Others RJVR AJES,DL2,DL2_dorsal,CP3,CP3_dorsal,ON,LHPV5a1,LHPV5a1#5,604368022,Gad1-F-400275,cell.type,complete,acetylcholine,LHON-I (Aso et al 2014),Bates and Schlegel et al 2020,Bates and Schlegel et al 2020; Dolan et al 2019; Frechter et al 2019; Aso et al 2014
5807209,PV5a1#7 5807210 Hot Breath ARJ,DL2,DL2_dorsal,CP3,CP3_dorsal,ON,LHPV5a1,LHPV5a1#6,573333903,L224#1,cell.type,complete,acetylcholine,LHON-I (Aso et al 2014),Bates and Schlegel et al 2020,Bates and Schlegel et al 2020; Dolan et al 2019; Frechter et al 2019; Aso et al 2014
5807321,PV5a1#9 5807322 Unicum Zwack ARJ,DL2,DL2_dorsal,CP3,CP3_dorsal,ON,LHPV5a1,LHPV5a1#7,573333903,L166#6,cell.type,complete,acetylcholine,LHON-I (Aso et al 2014),Bates and Schlegel et al 2020,Bates and Schlegel et al 2020; Dolan et al 2019; Frechter et al 2019; Aso et al 2014
2425247,PV5a1#3 1288666 Falcon ASB,DL2,DL2_lateral,CP3,CP3_lateral,ON,LHPV5a2,LHPV5a2#1,579576294,L166#5,cell.type,complete,acetylcholine,PV5a1 (Dolan et al 2019; Frechter et al 2019),Bates and Schlegel et al 2020; Dolan et al 2019,Bates and Schlegel et al 2020; Dolan et al 2019; Frechter et al 2019; Aso et al 2014
1299626,PV5a2#1 1299627 You Came To * But Left Your * At Home ASB,DL2,DL2_dorsal,CP3,CP3_dorsal,ON,LHPV5a2,LHPV5a2#2,573670049,L166#4,cell.type,complete,unknown,,Bates and Schlegel et al 2020,Bates and Schlegel et al 2020; Frechter et al 2019
5806820,PV5a1#6 2251207 Covenant ASB,DL2,DL2_dorsal,CP3,CP3_dorsal,ON,LHPV5a5,LHPV5a5#1,572651463,Gad1-F-100099,cell.type,complete,acetylcholine,PV5a1 (Dolan et al 2019; Frechter et al 2019),Bates and Schlegel et al 2020,Bates and Schlegel et al 2020; Dolan et al 2019; Frechter et al 2019; Aso et al 2014
5292219,PV5b2#1 5292220 Hawk ASB,DL1,DL1_dorsal,CP2,CP2_dorsal,ON,LHPV5b2,LHPV5b2#1,5901203559,130425c1,cell.type,preliminary,acetylcholine,,Dolan et al 2019,Dolan et al 2019
4945705,[LH.R] --> ? 4945706 SD,DL1,DL1_dorsal,CP2,CP2_dorsal,ON,LHPV5b3,LHPV5b3#1,575750788,L849#1,cell.type,preliminary,unknown,,Dolan et al 2019,Dolan et al 2019
5676478,PV5c1#1 5676479 Tawny Owl ASB,DL1,DL1_dorsal,CP2,CP2_dorsal,ON,LHPV5c2,LHPV5c2#1,485728655,E0585-F-300050,cell.type,complete,acetylcholine,,Bates and Schlegel et al 2020; Dolan et al 2019,Bates and Schlegel et al 2020; Dolan et al 2019; Frechter et al 2019
6197374,PV5c2#1 6197375 Marsh Harrier ASB,DL1,DL1_dorsal,CP2,CP2_dorsal,ON,LHPV5c3,LHPV5c3#1,611620813,L173#1,cell.type,preliminary,acetylcholine,PV5c2 (Dolan et al 2019)/ L8 (Jeanne et al 2018),Dolan et al 2019,Dolan et al 2019
2042935,PV5a1#1 2042936 A Spoon in Many Liquids PS,DL2,DL2_dorsal,CP3,CP3_dorsal,ON,LHPV5d1,LHPV5d1#1,696082279,120708c1,cell.type,complete,acetylcholine,PV5a1 (Dolan et al 2019; Frechter et al 2019)/ LHON-I (Aso et al 2014),Bates and Schlegel et al 2020,Bates and Schlegel et al 2020; Dolan et al 2019; Frechter et al 2019; Aso et al 2014
5807249,PV5a1#8 5807250 Jean-Claude ARJ,DL2,DL2_dorsal,CP3,CP3_dorsal,ON,LHPV5d3,LHPV5d3#1,454706029,130118c0,cell.type,complete,acetylcholine,PV5a1 (Dolan et al 2019; Frechter et al 2019)/ LHON-I (Aso et al 2014),Bates and Schlegel et al 2020,Bates and Schlegel et al 2020; Dolan et al 2019; Frechter et al 2019; Aso et al 2014
5807241,PV5b1#1 5807242 Make Good Decisions GSXEJ,DL2,DL2_dorsal,CP3,CP3_dorsal,ON,LHPV5d3,LHPV5d3#2,454706029,160121c1,cell.type,complete,acetylcholine,PV5b1 (Dolan et al 2019; Frechter et al 2019),Bates and Schlegel et al 2020,Bates and Schlegel et al 2020; Dolan et al 2019; Frechter et al 2019
5807269,PV5b1#1 5807270 Disgraced Tennis Player ARJ ASB,DL2,DL2_dorsal,CP3,CP3_dorsal,ON,LHPV5d3,LHPV5d3#3,454706029,160121c1,cell.type,complete,acetylcholine,PV5b1 (Dolan et al 2019; Frechter et al 2019),Bates and Schlegel et al 2020,Bates and Schlegel et al 2020; Dolan et al 2019; Frechter et al 2019
1621078,PV5 [LH.R->] 1621079 Canary ASB,DL2,DL2_dorsal,CP3,CP3_dorsal,ON,LHPV5g1,LHPV5g1#1,639958133,L374#2,cell.type,preliminary,acetylcholine,,Dolan et al 2019,Dolan et al 2019
5807217,PV5g2#1 5807218 ARJ ASB,DL2,DL2_dorsal,CP3,CP3_dorsal,ON,LHPV5g2,LHPV5g2#1,608240515,L374#8,cell.type,preliminary,acetylcholine,,Dolan et al 2019,Dolan et al 2019
8739442,PV6 8739443 Unexpected Victory CMM ASB,LHp2,LHp2_medial,DPLp1,DPLp1_medial,ON,LHPV6a1,LHPV6a1#1,511626068,L62#1,cell.type,preliminary,acetylcholine,,Dolan et al 2019,Dolan et al 2019
1101751,PV6a3#1 1101752 FML RJVR Caligari,LHp2,LHp2_medial,DPLp1,DPLp1_medial,ON,LHPV6a3,LHPV6a3#1,574372960,L2185#1,cell.type,complete,acetylcholine,Local6 (Jeanne et al 2018),Bates and Schlegel et al 2020,Bates and Schlegel et al 2020; Dolan et al 2019; Frechter et al 2019
2130631,PV6a3#2 2130632 Wilson FML ASB ,LHp2,LHp2_medial,DPLp1,DPLp1_medial,ON,LHPV6a3,LHPV6a3#2,388863775,L2185#1,cell.type,preliminary,acetylcholine,Local6 (Jeanne et al 2018),Dolan et al 2019,Dolan et al 2019
2466931,LAC PV5 [LH.L] 2466932 RJVR Zamorak,LHp2,LHp2_medial,DPLp1,DPLp1_medial,ON,LHPV6c1,LHPV6c1#1,387870860,L2220#2,cell.type,rough,unknown,,Marin et al 2020,Marin et al 2020
1102557,PV6f1 22446 Albatross JMR ARH,LHp2,LHp2_medial,DPLp1,DPLp1_medial,ON,LHPV6c1,LHPV6c1#2,387870860,none,cell.type,preliminary,unknown,,Dolan et al 2018,Dolan et al 2018; Huoviala et al 2018
11128057,LAC PV5l1#6 11128058 LB Ygritte clan,LHp2,LHp2_medial,DPLp1,DPLp1_medial,ON,PV6r1,PV6r1#4,5813022453,L374#5,pnt,rough,unknown,,Marin et al 2020,Marin et al 2020
8808525,LAC PV5l1#5 8808526 ECM Ygritte clan,LHp2,LHp2_medial,DPLp1,DPLp1_medial,ON,LHPV6f1,LHPV6f1#2,5813022453,L374#5,pnt,rough,unknown,,Marin et al 2020,Marin et al 2020
5824712,LAC PV5l1#4 5824713 LB Ygritte clan,LHp2,LHp2_medial,DPLp1,DPLp1_medial,ON,LHPV6f1,LHPV6f1#3,695167675,L374#5,pnt,rough,unknown,,Marin et al 2020,Marin et al 2020
4182361,LAC PV5l1#2 4182362 MT Ygritte clan,LHp2,LHp2_medial,DPLp1,DPLp1_medial,ON,PV6r1,PV6r1#2,694471913,L374#5,pnt,rough,unknown,,Marin et al 2020,Marin et al 2020
4182148,LAC PV5l1#3 4182149 ECM Ygritte clan,LHp2,LHp2_medial,DPLp1,DPLp1_medial,ON,PV6r1,PV6r1#3,694471913,L374#5,pnt,rough,unknown,,Marin et al 2020,Marin et al 2020
1868440,PD2c1#1 1868441 Snorri Sturluson RJVR,LHp2,LHp2_medial,DPLp1,DPLp1_medial,ON,LHPV6g1,LHPV6g1#1,5813049920,Gad1-F-500258,cell.type,complete,unknown,PD2c1 (Frechter et al 2019),Marin et al 2020,Marin et al 2020
9069835,LAC PV5 neuron 9069836 Gannet ASB ECM,LHp2,LHp2_medial,DPLp1,DPLp1_medial,ON,LHPV6h1,LHPV6h1#1,449910481,none,cell.type,rough,unknown,,Marin et al 2020,Marin et al 2020
5062598,PV1b2#1 LH.R-CAL.R 5062599 MEB RJVR Vulcano ,unknown6,unknown6_ventral,BLP3,BLP3_ventral,ON,LHPV6k2,LHPV6k2#1,604070461,L258#9,cell.type,preliminary,unknown,PV2b1 (Frechter et al 2019),Marin et al 2020,Marin et al 2020
3376158,PV2c2 IPS.R Downstream 3376159 Kabuki RJVR,VPNp&v1,VPNp&v1_posterior,BLP1,BLP1_posterior,ON,LHPV6o1,LHPV6o1#1,727527845,L1328#2,cell.type,complete,acetylcholine,PV2c1 (Dolan et al 2019; Frechter et al 2019),Bates and Schlegel et al 2020; Dolan et al 2019,Bates and Schlegel et al 2020; Dolan et al 2019; Frechter et al 2019
1093554,PV1j1 LH.R - SLP.R -> SCL.R - PLP.R 1093555 FML Biscayne - potential downstream of DL4,VLPl&p2,VLPl&p2_posterior,BVLp2,BVLp2_posterior,ON,LHPV7a2,LHPV7a2#1,511685955,none,cell.type,rough,unknown,,Huoviala et al 2018,Huoviala et al 2018
4191753,VPN-1#1 4191754 Petrel RJVR ASB,VLPp&l1,VLPp&l1_ventral,DPLpv,DPLpv_ventral,IN,LC43,LC43#1,5812993257,none,cell.type,preliminary,unknown,,Dolan et al 2019,Dolan et al 2019
8521115,possible 137 candidate 8521116 RJVR,VLPp&l1,VLPp&l1_ventral,DPLpv,DPLpv_ventral,IN,LC40b,LC40b#1,1067223806,none,cell.type,preliminary,acetylcholine,,Dolan et al 2019,Dolan et al 2019
535060,putative MB-C1 535061 JSL,VPNp&v1,VPNp&v1_posterior,BLP1,BLP1_posterior,ON,MB-C1,MB-C1#1,5813075020,L1900#1,cell.type,preliminary,GABA,,Dolan et al 2019,Dolan et al 2019; Aso et al 2014
4214681,LAC PV5l1#1 4214682 ECM Ygritte clan,LHp2,LHp2_medial,DPLp2,DPLp1_medial,ON,PV6r1,PV6r1#1,694472667,L374#5,pnt,complete,unknown,,Marin et al 2020,Marin et al 2020
6292134,LAC PV6 neuron 6292135 ECM Davos crew,SLPpl1,SLPpl1,DPLl1,DPLl1,ON,SLP364,SLP364#2,325122109,Cha-F-400287,pnt,preliminary,unknown,,Marin et al 2020,Marin et al 2020
6292328,LAC PV6 neuron 6292329 ECM Davos crew,SLPpl1,SLPpl1,DPLl1,DPLl1,ON,SLP364,SLP364#1,325122109,Cha-F-400287,pnt,preliminary,unknown,,Marin et al 2020,Marin et al 2020
4294123,LAC PD4i2#2 4294124 KEC ECM Gilly,SLPpm3,SLPpm3_lateral,DPLc3,DPLc3_lateral,ON,PD5g1,PD5g1#2,480331310,fru-F-000092,anatomy.group,rough,unknown,,Marin et al 2020,Marin et al 2020
8820702,LAC PD4i2#4 8820703 ECM Aemon,SLPpm3,SLPpm3_lateral,DPLc3,DPLc3_lateral,ON,PD5g1,PD5g1#4,449634539,none,cell.type,preliminary,unknown,,Marin et al 2020,Marin et al 2020
11210831,LAC PD4i2#1 11210830 PMJ ECM Eyrie,SLPpm3,SLPpm3_lateral,DPLc3,DPLc3_lateral,ON,PD5g1,PD5g1#1,417558532,fru-F-000092,anatomy.group,complete,unknown,,Marin et al 2020,Marin et al 2020
4974403,PV2 4974404 Hobby ASB,VPNp&v1,VPNp&v1_posterior,BLP1,BLP1_posterior,ON,PLP156,PLP156#1,882400424,none,cell.type,preliminary,acetylcholine,,Dolan et al 2019,Dolan et al 2019
30571,putative TH-F-000011 30572 BH,unknown2,unknown2,unknown2,unknown2,ON,PPL202,PPL202#1,5813071348,TH-F-000011,cell.type,rough,unknown,PV1b4 (Dolan et al 2019),Dolan et al 2019; Marin et al 2020,Dolan et al 2019
1478950,putative peptidergic neuron 1478951 NM ASB,unknown2,unknown2,unknown2,unknown2,IN,PPL203,PPL203#1,294436967,MB583B#1,cell.type,rough,GABA,PPL2ab-PN1 (Dolan et al 2019),Dolan et al 2019,Dolan et al 2019
8880705,LAC neuron 8880706 Baratheon MT ECM,DPMpl1?,DPMpl1/2,SMPpv1/2,SMPpv1/2,ON,PV7c11,PV7c1#1,none,fru-F-000092,anatomy.group,rough,unknown,,Marin et al 2020,Marin et al 2020
9951834,LAC PD4i2#3 9951835 ECM Randyll,SLPpm3,SLPpm3_lateral,DPLc3,DPLc3_lateral,ON,PD5g13,PD5g1#3,449244969,fru-F-000092,anatomy.group,rough,unknown,,Marin et al 2020,Marin et al 2020
4017748,Putative TPN {lALT} 4017749 Quail RJVR ,unknown,unknown,unknown,unknown,IN,VES002,VES002#1,2095549849,none,cell.type,preliminary,acetylcholine,,Dolan et al 2019,Dolan et al 2019
2122447,putative WED-PN1 2122448 RJVR,WEDa2,WEDa2,BAlp3,BAlp3,IN,WEDPN1A,WEDPN1A#1,1069223047,L112#1,cell.type,rough,GABA,,Bates and Schlegel et al 2020,Bates and Schlegel et al 2020; Dolan et al 2019
2227995,WED-PN1#1 2227996 Grey Herron SD,WEDa2,WEDa2,BAlp3,BAlp3,IN,WEDPN1A,WEDPN1A#2,2030342003,L112#1,cell.type,complete,GABA,,Bates and Schlegel et al 2020; Dolan et al 2019,Bates and Schlegel et al 2020; Dolan et al 2019
4267053,WED-PN1 4267054 I BELIEVE IN ME SD RJVR,WEDa2,WEDa2,BAlp3,BAlp3,IN,WEDPN1A,WEDPN1A#3,2214504597,L112#1,cell.type,rough,GABA,,Bates and Schlegel et al 2020,Bates and Schlegel et al 2020; Dolan et al 2019
5002989,WED-PN1 5002990 RJVR PDP,WEDa2,WEDa2,BAlp3,BAlp3,IN,WEDPN1A,WEDPN1A#4,1440645010,L112#1,cell.type,rough,GABA,,Bates and Schlegel et al 2020,Bates and Schlegel et al 2020; Dolan et al 2019
4280558,WED-PN1 4280559 SD RJVR Today I found a soma,WEDa2,WEDa2,BAlp3,BAlp3,IN,WEDPN1B,WEDPN1B#1,2214846055,L112#1,cell.type,rough,GABA,,Bates and Schlegel et al 2020,Bates and Schlegel et al 2020; Dolan et al 2019
4946893,WED-PN2 4946894 RJVR SD Lucy Parsons,WEDa2,WEDa2,BAlp3,BAlp3,IN,WEDPN2B,WEDPN2B#1,885788485,L1524#1,cell.type,rough,acetylcholine,,Bates and Schlegel et al 2020,Bates and Schlegel et al 2020; Dolan et al 2019
9249174,WED-PN2#1 9249175 Gregory Seneca Xerxes Eugene Jefferis RJVR ASB PDP,WEDa2,WEDa2,BAlp3,BAlp3,IN,WEDPN2B,WEDPN2B#2,853726809,L1524#1,cell.type,complete,acetylcholine,,Bates and Schlegel et al 2020; Dolan et al 2019,Bates and Schlegel et al 2020; Dolan et al 2019
3799421,putative WED-PN2 3799422 Gregory Sylvester Xander Edmonton Jefferis RJVR GSXEJ,WEDa2,WEDa2,BAlp3,BAlp3,IN,WEDPN2B,WEDPN2B#3,915451074,L1518#1,cell.type,rough,unknown,,Bates and Schlegel et al 2020,Bates and Schlegel et al 2020; Dolan et al 2019
1313071,putative WED-PN3 1313072 Sparta ASB RJVR PDP,WEDa2,WEDa2,BAlp3,BAlp3,IN,WEDPN3,WEDPN3#1,1006854683,L1518#1,cell.type,complete,unknown,,Bates and Schlegel et al 2020,Bates and Schlegel et al 2020; Dolan et al 2019
3933006,WED-PN3 3933007 Athens,WEDa2,WEDa2,BAlp3,BAlp3,IN,WEDPN3,WEDPN3#2,5813013913,L1518#1,cell.type,rough,unknown,,Bates and Schlegel et al 2020,Bates and Schlegel et al 2020; Dolan et al 2019
1313334,WED-PN3#1 1313335 Athens ASB,WEDa2,WEDa2,BAlp3,BAlp3,IN,WEDPN3,WEDPN3#3,5813020138,L1518#1,cell.type,preliminary,unknown,,Bates and Schlegel et al 2020; Dolan et al 2019,Bates and Schlegel et al 2020; Dolan et al 2019
2153398,WED-PN4#1 2153399 Double Trouble RJVR ASB,WEDa2,WEDa2,BAlp3,BAlp3,IN,WEDPN4,WEDPN4#1,5813032740,none,cell.type,complete,unknown,,Bates and Schlegel et al 2020; Dolan et al 2019,Bates and Schlegel et al 2020; Dolan et al 2019
4672476,WED-PN5#1 4672477 Flamingo PMJ,WEDa2,WEDa2,BAlp3,BAlp3,IN,WEDPN5,WEDPN5#1,1573741727,L1337#1,cell.type,complete,acetylcholine,,Bates and Schlegel et al 2020; Dolan et al 2019,Bates and Schlegel et al 2020
6082926,putative WED-PN 5 6082927 Marga PDP,WEDa2,WEDa2,BAlp3,BAlp3,IN,WEDPN7C,WEDPN7C#1,5812991267,L1337#1,cell.type,rough,acetylcholine,,Bates and Schlegel et al 2020,Bates and Schlegel et al 2020
4946872,PV2#e1 4946873 Red Kite ASB SD,VPNp&v1,VPNp&v1_posterior,BLP1,BLP1_posterior,IN,WEDPN6A,WEDPN6A#1,1131310385,L85#1,cell.type,complete,unknown,,Bates and Schlegel et al 2020; Dolan et al 2019,Bates and Schlegel et al 2020
3954226,WED-PN7 3954227 Sprig ASB RJVR,new2,new2_ventral,BAlp2,BAlp2_dorsal,IN,WEDPN7C,WEDPN7C#2,1607155570,none,cell.type,rough,unknown,,Bates and Schlegel et al 2020,Bates and Schlegel et al 2020
4947032,WED-PN7#1 4947033 Crane SD,new2,new2_ventral,BAlp2,BAlp2_dorsal,IN,WEDPN7A,WEDPN7A#1,5813015982,none,cell.type,complete,unknown,,Bates and Schlegel et al 2020,Bates and Schlegel et al 2020
5810932,WED-PN7 5810932 PMJ RJVR,new2,new2_ventral,BAlp2,BAlp2_dorsal,IN,WEDPN7A,WEDPN7A#2,5813056323,none,cell.type,rough,unknown,,Bates and Schlegel et al 2020,Bates and Schlegel et al 2020
9206583,putative WED-PN 8 9206584 same pnt PDP,WEDd1,WEDd1,DALd,DALd,IN,WEDPN8B,WEDPN8B#1,2061028219,none,cell.type,rough,unknown,,Bates and Schlegel et al 2020,Bates and Schlegel et al 2020
4027387,WED-PN8 4027388 Giant Ibis RJVR,WEDd1,WEDd1,DALd,DALd,IN,WEDPN8C,WEDPN8C#1,1565802648,none,cell.type,complete,unknown,,Bates and Schlegel et al 2020,Bates and Schlegel et al 2020
7481072,WED-PN8 7481073 RJVR,WEDd1,WEDd1,DALd,DALd,IN,WEDPN8C,WEDPN8C#2,2096909904,none,cell.type,rough,unknown,,Bates and Schlegel et al 2020,Bates and Schlegel et al 2020
9206998,putative WED-PN 8 9206999 Tristan PDP,WEDd1,WEDd1,DALd,DALd,IN,WEDPN8C,WEDPN8C#3,2065879191,none,cell.type,rough,unknown,,Bates and Schlegel et al 2020,Bates and Schlegel et al 2020
11522508,LH.R->1947662 Swirl ASB ,LHl4,LHl4_lateral,BLD1,BLD1_lateral,ON,LHAV4b1,LHAV4b1#1,634712475,none,cell.type,rough,GABA,AV6b3 (Dolan et al 2019),Dolan et al 2019,Dolan et al 2019
30591,MBON-Calyx 30592 ARH ASB JSL,primary?,primary?,primary?,primary?,ON,MBON-Calyx,MBON-Calyx#1,5813042659,none,cell.type,rough,unknown,,Dolan et al 2019,Dolan et al 2019
346114,MBON a2sc Right ASB,DL1,DL1_dorsal,CP2,CP2_dorsal,IN,MBONa2sc,MBONa2sc#1,5813020828,none,cell.type,complete,acetylcholine,,Dolan et al 2018,Dolan et al 2018
1420974,MBON a2sc Left ASB,DL1,DL1_dorsal,CP2,CP2_dorsal,IN,MBONa2sc,MBONa2sc#2,5813020828,none,cell.type,rough,acetylcholine,,Dolan et al 2018,Dolan et al 2018
1540941,MBON a'2 1540941 ASB,primary?,primary?,primary?,primary?,IN,MBONap2,MBONap2#1,1139667240,none,cell.type,rough,acetylcholine,,Dolan et al 2018,Dolan et al 2018
11519536,PV4 [LH.R] 3248571 RJVR Epee,SLPp&v1,SLPp&v1_posterior,DPLp2,DPLp2_posterior,ON,LHPV4b2,PV4b2#1,636465174,E0585-F-300056,cell.type,rough,glutamate,,Dolan et al 2019,Dolan et al 2019; Frechter et al 2019
11524299,LH.R -> SLP.R 5005961 RJVR Gyrfalcon,primary?,primary?,primary?,primary?,ON,LHPV6l1,LHPV6l1#1,5813012048,5813012048,cell.type,rough,glutamate,,Dolan et al 2019,Dolan et al 2019; Frechter et al 2019
11524475,LH.R -> SLP.R 1704980 FML Fly Agaric - downstream of DA2,LHp1,LHp1,BLP4,BLP4,ON,LHPV4d3,LHPV4d3#1,482006328,Cha-F-200398,cell.type,rough,glutamate,PV4d1 (Dolan et al 2019; Frechter et al 2019),Dolan et al 2019,Dolan et al 2019; Frechter et al 2019
11520049,PV5 11520050 ASB ,DL2,DL2_dorsal,CP3,CP3_dorsal,ON,LHPV5a3,LHPV5a3#1,265120324,Cha-F-500250,cell.type,rough,acetylcholine,,Dolan et al 2019,Dolan et al 2019; Frechter et al 2019
11524200,PV5b1#1 2165216 Kestrel ASB,DL2,DL2_dorsal,CP3,CP3_dorsal,ON,LHPV5d1,LHPV5d1#2,329220439,Gad1-F-300321,cell.type,rough,acetylcholine,PV5b1 (Dolan et al 2019; Frechter et al 2019),Dolan et al 2019,Dolan et al 2019; Frechter et al 2019
6185360,AD1e1#1 6185361 Stalk ASB,SLPal2,SLPal2_dorsal,DPLal3,DPLal3_dorsal,,AVLP026,AVLP026#1,390616420,none,cell.type,rough,acetylcholine,,Dolan et al 2019,Dolan et al 2019
3393889,Upstream PN neuron 3393890 Chloé LSC,LHl1,LHl1_lateral,BLD4,BLD4_lateral,ON,LHAV4e4,LHAV4e4#1,638136190,L1385#3,cell.type,rough,unknown,AV4b4 (Dolan et al 2019; Frechter et al 2019),Dolan et al 2019,Dolan et al 2019; Frechter et al 2019
2050698,neuron 2050699 ASB,VLPl4,VLPl4_dorsal,BLD3,BLD3_dorsal,OB,LHAV4e7,LHAV4e7#1,606444098,none,cell.type,rough,unknown,,Dolan et al 2019,Dolan et al 2019
3136251,PD3a2#1 3136252 Piri Reis ASB RJVR,LHd2,LHd2_dorsal,DPLm2,DPLm2_dorsal,LN,LHPD3a4,LHPD3a4#1,448225646,L1749#9,cell.type,rough,glutamate,PD3a3 (Dolan et al 2019; Frechter et al 2019),Dolan et al 2019,Dolan et al 2019; Frechter et al 2019
11544024,PV4a 1196496 DA4l Upstream ASB RJVR,LHp1,LHp1,BLP4,BLP4,LN,LHPV4a8,LHPV4a8#1,729877292,Gad1-F-100338,cell.type,rough,unknown,PV4a7 (Dolan et al 2019; Frechter et al 2019); Local1 (Jeanne et al 2018),Dolan et al 2019,Dolan et al 2019; Frechter et al 2019
4176285,PV4a 4176286 Womble ASB,LHp1,LHp1,BLP4,BLP4,LN,LHPV4a7,LHPV4a7#2,698820341,130205c2,cell.type,rough,unknown,Local1 (Jeanne et al 2018),Dolan et al 2019,Dolan et al 2019; Frechter et al 2019
3421839,PV4a3#2 3421840 Mitre RJVR,LHp1,LHp1,BLP4,BLP4,LN,LHPV4a2,LHPV4a2#3,790918176,L1467#11,cell.type,rough,glutamate,,Dolan et al 2019,Dolan et al 2019; Frechter et al 2019
6900869,PV4a3#5 4044697 Evil Eye ASB,LHp1,LHp1,BLP4,BLP4,LN,LHPV4a4,LHPV4a4#1,760566746,L1475#13,cell.type,rough,glutamate,PV4a4 (Dolan et al 2019),Dolan et al 2019,Dolan et al 2019; Frechter et al 2019
5670783,PV4a3#6 5670784 ZZZ ASB,LHp1,LHp1,BLP4,BLP4,LN,LHPV4a4,LHPV4a4#2,760907730,L1473#9,cell.type,rough,glutamate,PV4a2 (Dolan et al 2019; Frechter et al 2019),Dolan et al 2019,Dolan et al 2019; Frechter et al 2019
4274682,PV4a4#4 4274683 Outkast SD,LHp1,LHp1,BLP4,BLP4,LN,LHPV4a4,LHPV4a4#3,760566744,L1475#2,cell.type,rough,glutamate,PV4a3 (Dolan et al 2019; Frechter et al 2019),Dolan et al 2019,Dolan et al 2019; Frechter et al 2019
2372530,PV4d4#1 2372531 Shearwaters RJVR ASB,LHp1,LHp1,BLP4,BLP4,ON,LHPV4d3,LHPV4d3#2,514060419,none,cell.type,rough,glutamate,PV4d1 (Dolan et al 2019),Dolan et al 2019,Dolan et al 2019
556874,PV5a4#1 556875 Buzzard DB ASB,DL2,DL2_dorsal,CP3,CP3_dorsal,ON,LHPV5a3,LHPV5a3#1,481268762,L163#1,cell.type,rough,acetylcholine,,Dolan et al 2019,Dolan et al 2019; Frechter et al 2019